Website,Header,JavaScript files,# of JS files
https://baidu.com,"{'Cache-Control': 'private, no-cache, no-store, proxy-revalidate, no-transform', 'Connection': 'keep-alive', 'Content-Encoding': 'gzip', 'Content-Type': 'text/html', 'Date': 'Wed, 02 Sep 2020 03:34:25 GMT', 'Last-Modified': 'Mon, 23 Jan 2017 13:28:12 GMT', 'Pragma': 'no-cache', 'Server': 'bfe/1.0.8.18', 'Set-Cookie': 'BDORZ=27315; max-age=86400; domain=.baidu.com; path=/', 'Transfer-Encoding': 'chunked'}","['https://dss0.bdstatic.com/5aV1bjqh_Q23odCf/static/superman/js/components/qrcode-da919182da.js', 'https://dss0.bdstatic.com/5aV1bjqh_Q23odCf/static/superman/js/super_load-a97cbd2188.js', 'https://dss0.bdstatic.com/5aV1bjqh_Q23odCf/static/superman/js/components/tips-ea5054c58d.js', 'https://ss1.bdstatic.com/5eN1bjq8AAUYm2zgoY3K/r/www/cache/static/protocol/https/plugins/swfobject_0178953.js', 'https://ss1.bdstatic.com/5eN1bjq8AAUYm2zgoY3K/r/www/cache/static/protocol/https/soutu/js/tu_3002cad.js', 'https://ss1.bdstatic.com/5eN1bjq8AAUYm2zgoY3K/r/www/cache/static/protocol/https/amd_modules/@baidu/search-sug_0c72d1c.js', 'https://ss1.bdstatic.com/5eN1bjq8AAUYm2zgoY3K/r/www/cache/static/protocol/https/plugins/hotWord_cc828cc.js', 'https://dss0.bdstatic.com/5aV1bjqh_Q23odCf/static/superman/js/lib/jquery-1-edb203c114.10.2.js', 'https://dss0.bdstatic.com/5aV1bjqh_Q23odCf/static/superman/js/lib/esl-ef22c5ed31.js', 'https://ss1.bdstatic.com/5eN1bjq8AAUYm2zgoY3K/r/www/cache/static/protocol/https/bundles/polyfill_1883b81.js', 'https://ss1.bdstatic.com/5eN1bjq8AAUYm2zgoY3K/r/www/cache/static/protocol/https/global/js/all_async_search_cb4b616.js', 'https://dss0.bdstatic.com/5aV1bjqh_Q23odCf/static/superman/js/sbase-0948aa26f1.js', 'https://dss0.bdstatic.com/5aV1bjqh_Q23odCf/static/superman/js/s_super_index-855fcfd82e.js', 'https://dss0.bdstatic.com/5aV1bjqh_Q23odCf/static/superman/js/min_super-d1d1f0820b.js', 'https://dss0.bdstatic.com/5aV1bjqh_Q23odCf/static/superman/js/components/hotsearch-2ae76631d8.js']",15
https://realtor.com,"{'Content-Type': 'text/html; charset=utf-8', 'Transfer-Encoding': 'chunked', 'Connection': 'keep-alive', 'Date': 'Wed, 02 Sep 2020 03:38:55 GMT', 'X-Powered-By': 'Next.js', 'Set-Cookie': '__vst=bc5f1bed-1e72-4a25-bb66-e892601810a3; Max-Age=630720000; Path=/; Expires=Tue, 28 Aug 2040 03:38:55 GMT, __ssn=99cff88e-9f1b-49b1-965e-f773a0577077; Path=/, __ssnstarttime=1599017935; Path=/', 'ETag': '""5c2eb-kHs/4C39bHUyTymm250sCd70aew""', 'Vary': 'Accept-Encoding', 'Content-Encoding': 'gzip', 'X-Cache': 'Miss from cloudfront', 'Via': '1.1 6dda9c60465801404125720fa2c0e501.cloudfront.net (CloudFront)', 'X-Amz-Cf-Pop': 'MIA3-C1', 'X-Amz-Cf-Id': 'HnUI9x8_1aQfPxb89VYtGauTp3qgBw54G4NeFjZFB8z0_YnIk5mCow=='}","['//pixel.everesttech.net/rlsa/5154', 'https://analytics.trovit.com/trovit-analytics.js', 'https://sb.scorecardresearch.com/beacon.js', 'https://cdn.segment.com/analytics.js/v1/AQDwyFATlYKIsir9uod3ma82uVwkfkGN/analytics.min.js', 'https://connect.facebook.net/en_US/fbevents.js', 'https://www.googletagservices.com/activeview/js/current/osd.js?cb=%2Fr20100101', 'https://bam.nr-data.net/1/f2a8febd4f?a=129738900&v=1177.96a4d39&to=ZFZVMBBYWhFZW0VRC10cchwSS1ERS1JCFyN2ZxhLSA%3D%3D&rst=15698&ck=1&ref=https://www.realtor.com/&ap=0.440806&be=1998&fe=14195&dc=9205&tt=f0f58ccc69969216&af=err,xhr,stn,ins,spa&perf=%7B%22timing%22:%7B%22of%22:1599017917837,%22n%22:0,%22f%22:796,%22dn%22:808,%22dne%22:845,%22c%22:845,%22s%22:944,%22ce%22:1045,%22rq%22:1046,%22rp%22:1373,%22rpe%22:1618,%22dl%22:1390,%22di%22:2521,%22ds%22:9205,%22de%22:9206,%22dc%22:12311,%22l%22:12311,%22le%22:14374%7D,%22navigation%22:%7B%7D%7D&ja=%7B%22split%22:%22undefined%22,%22split_tcv%22:%22undefined%22,%22ads%22:%22true%22,%22tracking%22:%22true%22,%22rdc-appname%22:%22RDCX%22,%22rdc-ttfb%22:1373,%22rdc-ttfmp%22:11844,%22rdc-atf%22:11844,%22rdc-plt%22:12311,%22rdc-rupex%22:null,%22rdc-dns%22:37,%22rdc-tcpconnect%22:200,%22rdc-ssl%22:101,%22rdc-cachelookup%22:12,%22rdc-redirectlookup%22:796,%22rdc-unload%22:0,%22rdc-ru%22:0,%22rdc-tti%22:12314,%22rdc-connectionType%22:%224g%22,%22rdc-internetSpeed%22:1.45,%22rdc-adInit%22:12331,%22rdc-page-cache-status%22:%22uncached%22%7D&jsonp=NREUM.setToken', 'https://static.criteo.net/js/ld/publishertag.prebid.js', 'https://cdn.krxd.net/controltag?confid=sxitjmgvl', 'https://ajax.googleapis.com/ajax/libs/webfont/1/webfont.js', '/rdc_user_check.js', 'https://js-agent.newrelic.com/nr-spa-1177.min.js', 'https://securepubads.g.doubleclick.net/gpt/pubads_impl_2020082701.js?21067354', '//assets.adobedtm.com/6809d1ba6f0c/c4bef609fe0d/launch-b1aeef4798eb.min.js', '/assets/prod/ab5361c/_next/static/chunks/59.9c0f32c0c32b1d2b31d0.js', 'https://adservice.google.com.pr/adsid/integrator.js?domain=www.realtor.com', 'https://adservice.google.com/adsid/integrator.js?domain=www.realtor.com', '//gateway.answerscloud.com/realtor/production/gateway.min.js', 'https://assets.adobedtm.com/6809d1ba6f0c/c4bef609fe0d/e4cea8f06e7c/RC2486786443414a24b61e9532847ae202-source.min.js', 'https://assets.adobedtm.com/6809d1ba6f0c/c4bef609fe0d/e4cea8f06e7c/RCf6f4e9794d4b4fbcaabc20ca56040443-source.min.js', '/assets/prod/ab5361c/_next/static/runtime/polyfills-5be66124fefeb6950f2e.js', '/assets/prod/ab5361c/_next/static/jeWBCIJv9NbE2JEs3OyHM/pages/_app.js', '/assets/prod/ab5361c/_next/static/jeWBCIJv9NbE2JEs3OyHM/pages/index.js', '/assets/prod/ab5361c/_next/static/runtime/webpack-66a24549117294cb1ad8.js', '/assets/prod/ab5361c/_next/static/chunks/commons.7cb6fe0de45f3f54eedb.js', '/assets/prod/ab5361c/_next/static/runtime/main-8a74146895751514c14f.js', '/assets/prod/ab5361c/_next/static/jeWBCIJv9NbE2JEs3OyHM/_buildManifest.js', '/assets/prod/ab5361c/_next/static/jeWBCIJv9NbE2JEs3OyHM/_ssgManifest.js', 'https://js.appboycdn.com/web-sdk/2.4/appboy.min.js', 'https://tpc.googlesyndication.com/sodar/sodar2.js', '//a.tribalfusion.com/pixel/tags/Move%20Sales,%20Inc./773823/pixel.js']",31
https://bbc.com,"{'Connection': 'keep-alive', 'Content-Length': '37908', 'Content-Type': 'text/html', 'nel': '{""report_to"":""default"",""max_age"":2592000,""include_subdomains"":true,""failure_fraction"":0.01}', 'X-Cache-Action': 'MISS', 'Cache-Control': 'max-age=60', 'X-Cache-Age': '0', 'Content-Encoding': 'gzip', 'report-to': '{""group"":""default"",""max_age"":2592000,""endpoints"":[{""url"":""https://europe-west1-bbc-otg-traf-mgr-bq-prod-4591.cloudfunctions.net/report-endpoint"",""priority"":1}],""include_subdomains"":true}', 'Expires': 'Wed, 02 Sep 2020 03:34:19 GMT', 'Content-Language': 'en', 'Etag': '""ebcb450271c148be356b06730285e456""', 'X-PAL-Host': 'pal840.back.live.lbh.local:80', 'req-svc-chain': 'GTM,VTM,VARNISH', 'via': '1.1 BBC-GTM, 1.1 varnish', 'X-BBC-Edge-Cache-Status': 'EXPIRED', 'X-BBC-Origin-Response-Status': '200', 'Server': 'BBC-GTM', 'Accept-Ranges': 'bytes', 'Date': 'Wed, 02 Sep 2020 03:39:51 GMT', 'Age': '17', 'X-LB-NoCache': 'true', 'X-Fastly-Cache-Status': 'HIT-CLUSTER', 'X-Served-By': 'cache-mia17626-MIA', 'X-Cache': 'HIT', 'X-Cache-Hits': '1', 'X-Timer': 'S1599017992.857643,VS0,VE1', 'Vary': 'Accept-Encoding'}","['https://collector.effectivemeasure.net/beacon/set?cookies=%7B%22dmp%22%3A%221599017991247%22%7D&callback=cb1599017989519_3', 'https://collector.effectivemeasure.net/beacon/set?cookies=%7B%22gc%22%3A%22PR%22%2C%22mb%22%3A%220%22%7D&callback=cb1599017989519_2', 'https://www.googletagservices.com/activeview/js/current/osd.js?cb=%2Fr20100101', 'https://collector.effectivemeasure.net/beacon/get?cookies=vt%2Copt_out%2Cc3%2Cslr%2Cslc%2Cdmp%2Cgc%2Cmb&callback=cb1599017989519_1', 'https://t.effectivemeasure.net/tag.js?1599', 'https://nav.files.bbci.co.uk/orbit/b3428ed36e7e195dbf298117ef155a8f/js/require.min.js', 'https://nav.files.bbci.co.uk/orbit-webmodules/0.0.2-485.8393f8e/cookie-banner/cookie-library.min.js', 'https://nav.files.bbci.co.uk/orbit/b3428ed36e7e195dbf298117ef155a8f/js/api.min.js', 'https://fig.bbc.co.uk/frameworks/fig/2/fig.js', 'https://www.bbc.com/wwscripts/flag', 'https://static.bbc.co.uk/bbcdotcom/4.6.0/script/dist/bbcdotcom.js', 'https://nav.files.bbci.co.uk/orbit-webmodules/0.0.2-485.8393f8e/istats/istats-1.js', 'https://bbc.gscontxt.net/?url=https%3A%2F%2Fwww.bbc.com%2F', 'https://tags.crwdcntrl.net/c/10816/cc.js?ns=10816', 'https://ad.crwdcntrl.net/5/c=10815/pe=y/var=ccauds', 'https://securepubads.g.doubleclick.net/tag/js/gpt.js', 'https://mybbc-analytics.files.bbci.co.uk/reverb-client-js/reverb-1.5.1.js', 'https://static.bbci.co.uk/wwhp/1.146.0/modules/vendor/bower/modernizr/modernizr.js', 'https://static.bbc.co.uk/bbcdotcom/4.6.0/script/vendor/edr/edr.min.js', 'https://cdn.optimizely.com/public/4621041136/s/bbccom_prod.js', 'https://static.bbci.co.uk/wwhp/1.146.0/modules/vendor/require/domReady.js', 'https://static.bbci.co.uk/wwhp/1.146.0/modules/compiled.js', 'https://static.files.bbci.co.uk/account/id-cta/1.49.0/modules/idcta-v2/dist/idcta-1.min.js', 'https://me-ssl.effectivemeasure.net/em.js', 'https://mybbc-analytics.files.bbci.co.uk/reverb-client-js/smarttag-5.22.0.min.js', '//mybbc.files.bbci.co.uk/notification-ui/4.1.3/js/NotificationsMain.js', 'https://idcta.api.bbc.co.uk/idcta/config?callback=&ptrt=https%3A%2F%2Fwww.bbc.com%2F', 'https://securepubads.g.doubleclick.net/gpt/pubads_impl_2020082701.js?21067354', 'https://static.files.bbci.co.uk/account/id-cta/1.49.0/modules/idcta-v2/statusbar.js', 'https://adservice.google.com.pr/adsid/integrator.js?domain=www.bbc.com', 'https://adservice.google.com/adsid/integrator.js?domain=www.bbc.com', 'https://nav.files.bbci.co.uk/orbit/b3428ed36e7e195dbf298117ef155a8f/js/orb.min.js', 'https://nav.files.bbci.co.uk/orbit-webmodules/0.0.2-485.8393f8e/cookie-banner/cookie-banners.bundle.js', 'https://nav.files.bbci.co.uk//user-activity-helper/1d5fa47d9ba60d5c52b377ec3208b7be/js/detectview.bundle.js', '//static.chartbeat.com/js/chartbeat.js']",35
https://jd.com,"{'Date': 'Wed, 02 Sep 2020 03:41:01 GMT', 'Content-Type': 'text/html; charset=utf-8', 'Content-Length': '6299', 'Connection': 'keep-alive', 'Server': 'JDWS/2.0', 'Cache-Control': 'max-age=300', 'Content-Encoding': 'gzip', 'Via': 'http/1.1 ORI-BJ-UNI-HT-PCS-45 (jcs [cSsSfU]), http/1.1 JN-UNI-1-JCS-32 ( [cHs f ])', 'X-Trace': '200-1599017372701-0-0-2-10-10;200-1599017372700-0-0-0-11-11', 'X-Cache-Spec': 'Yes', 'Age': '187', 'X-Via': '1.1 PS-TPE-01TU5222:2 (Cdn Cache Server V2.0), 1.1 PSmgnyNY2rm191:2 (Cdn Cache Server V2.0), 1.1 PSmgytldATL1cg47:12 (Cdn Cache Server V2.0)', 'X-Ws-Request-Id': '5f4f144d_PSmgytldATL1sg5_109735-31107', 'Access-Control-Allow-Origin': '*'}","['https://www.googleadservices.com/pagead/conversion_async.js', 'https://connect.facebook.net/signals/config/2720488591398299?v=2.9.24&r=stable', 'https://connect.facebook.net/en_US/fbevents.js', '//misc.360buyimg.com/jdf/??/1.0.0/unit/base/5.0.0/base.js,/lib/jquery-1.6.4.js', '//static.360buyimg.com/mtd/pc/cms/js/o2_ua.min.js', 'https://www.googletagmanager.com/gtag/js?id=AW-754332284', '//misc.360buyimg.com/??channel/lib/1.2.0/js/channel-base.js', '//misc.360buyimg.com/channel/gangao/2.0.0/global/1.0.0/widget/header/header.js', '//misc.360buyimg.com/channel/gangao/2.0.0/global/1.0.0/widget/??/header-copy/header-copy.js,/category/category.js', '//misc.360buyimg.com/channel/gangao/2.0.0/global/1.0.0/widget/right-info/right-info.js', '//misc.360buyimg.com/channel/gangao/2.0.0/global/1.0.0/widget/public/public.js', 'https://googleads.g.doubleclick.net/pagead/viewthroughconversion/754332284/?random=1599018048898&cv=9&fst=1599018048898&num=1&bg=ffffff&guid=ON&resp=GooglemKTybQhCsO&eid=376635470&u_h=900&u_w=1600&u_ah=860&u_aw=1600&u_cd=24&u_his=2&u_tz=-240&u_java=false&u_nplug=3&u_nmime=4&gtm=2oa8j2&sendb=1&ig=1&data=event%3Dgtag.config&frm=0&url=https%3A%2F%2Fglobal.jd.com%2F&tiba=%E4%BA%AC%E4%B8%9C%E5%85%A8%E7%90%83%E7%89%88-%E4%B8%93%E4%B8%9A%E7%9A%84%E7%BB%BC%E5%90%88%E7%BD%91%E4%B8%8A%E8%B4%AD%E7%89%A9%E5%95%86%E5%9F%8E&hn=www.googleadservices.com&async=1&rfmt=3&fmt=4', 'https://www.googletagmanager.com/gtag/js?id=AW-754332284', 'https://static.criteo.net/js/ld/ld.js', '//misc.360buyimg.com/??channel/lib/1.2.0/js/channel-base.js', '//misc.360buyimg.com/channel/gangao/2.0.0/global/1.0.0/widget/header/header.js', '//misc.360buyimg.com/channel/gangao/2.0.0/global/1.0.0/widget/??/header-copy/header-copy.js,/category/category.js', '//misc.360buyimg.com/channel/gangao/2.0.0/global/1.0.0/widget/right-info/right-info.js', '//misc.360buyimg.com/channel/gangao/2.0.0/global/1.0.0/widget/public/public.js', '//static.360buyimg.com/mtd/pc/base/1.0.0/base.js', '//storage.360buyimg.com/portalstatic/static/pc.config.80829109.js', '//storage.360buyimg.com/portalstatic/static/vendor.dll.8e1ea8ba.js', '//static.360buyimg.com/webstatic/getprice/1.0.0/js/price.min.js', '//storage.360buyimg.com/o2cms/lib/nerv/1.4.4/nerv.min.js', '//storage.360buyimg.com/component-static/library/pc.js', '//storage.360buyimg.com/quark-platform/component/standard/5cd436279a6ea5003becd5a6__5ee34e5afc685b3ecdd0f087.js', '//storage.360buyimg.com/quark-platform/component/standard/5cd436279a6ea5003becd5a7__5ee34e58fc685b3ecdd0f078.js', '//storage.360buyimg.com/quark-platform/component/standard/5cd436279a6ea5003becd5a8__5ee34e5afc685b3ecdd0f08a.js', '//storage.360buyimg.com/quark-platform/component/standard/5cd436279a6ea5003becd5a9__5ee34e5afc685b3ecdd0f091.js', '//storage.360buyimg.com/quark-platform/component/standard/5d1b5daa81f09f0f005de7cb__5ee34e59fc685b3ecdd0f07c.js', '//storage.360buyimg.com/quark-platform/component/standard/5d1b5daa81f09f0f005de7cb__5ee34e59fc685b3ecdd0f07c.js', '//storage.360buyimg.com/quark-platform/component/standard/5cd436279a6ea5003becd5a4__5f0d0db797e1ca3c844508e9.js', '//storage.360buyimg.com/quark-platform/component/standard/5d1b5daa81f09f0f005de7cb__5ee34e59fc685b3ecdd0f07c.js', '//storage.360buyimg.com/quark-platform/component/standard/5d1b5daa81f09f0f005de7cb__5ee34e59fc685b3ecdd0f07c.js', '//storage.360buyimg.com/quark-platform/component/standard/5cd436279a6ea5003becd58f__5ee34e5cfc685b3ecdd0f09e.js', '//storage.360buyimg.com/quark-platform/component/standard/5d1b5daa81f09f0f005de7cb__5ee34e59fc685b3ecdd0f07c.js', '//storage.360buyimg.com/quark-platform/component/standard/5cd436279a6ea5003becd57e__5ee34e5dfc685b3ecdd0f0b3.js', '//storage.360buyimg.com/quark-platform/component/standard/5d1b5daa81f09f0f005de7cb__5ee34e59fc685b3ecdd0f07c.js', '//storage.360buyimg.com/quark-platform/component/standard/5cd436279a6ea5003becd591__5ee34e5afc685b3ecdd0f08c.js', '//gias.jd.com/js/td.js', 'https://gia.jd.com/y.html?v=0.5674080137996176&o=global.jd.com/']",41
https://bankofamerica.com,"{'Date': 'Wed, 02 Sep 2020 03:42:05 GMT', 'X-Frame-Options': 'SAMEORIGIN', 'Last-Modified': 'Fri, 21 Aug 2020 01:08:46 GMT', 'ETag': '""4a0da-5ad58e0f33964""', 'Accept-Ranges': 'bytes', 'Vary': 'Accept-Encoding,User-Agent', 'Content-Encoding': 'gzip', 'Cache-Control': 'max-age=1', 'Expires': 'Wed, 02 Sep 2020 03:42:06 GMT', 'X-BOA-RequestID': 'X08UjauQSjAABI8mUKAAAAJ3', 'Keep-Alive': 'timeout=40, max=497', 'Connection': 'Keep-Alive', 'Content-Type': 'text/html', 'Set-Cookie': 'WPID=F2S2;Path=/;Domain=.bankofamerica.com, SID=002AD2EAE6005F4F148D;Path=/;Domain=.bankofamerica.com, BOFA_LOCALE_COOKIE=en-US;Path=/;Domain=.bankofamerica.com, TS017e2ce7=01dcc5253966f1d4a35e46e76402762860099e54cd6348cd948cc2963ce2c519f1968386582f042e194ab77fe6f0de7cea0a023a31; Path=/, TS012a59e7=01dcc5253966f1d4a35e46e76402762860099e54cd6348cd948cc2963ce2c519f1968386582f042e194ab77fe6f0de7cea0a023a31; path=/; domain=.bankofamerica.com', 'X-Serviced-By': '/sparta/homepage/--3Zd4ww0kwK1ldrMB4+6FwQ==--H61vqaNLeEWo9U3vEtzh9g==', 'Strict-Transport-Security': 'max-age=31536000', 'Access-Control-Allow-Origin': 'https://www.bankofamerica.com', 'Access-Control-Allow-Credentials': 'true', 'Access-Control-Max-Age': '3600', 'Transfer-Encoding': 'chunked'}","['//tags.tiqcdn.com/utag/bofa/main/prod/utag.js', 'https://www2.bac-assets.com/homepage/spa-assets/components/utilities/platform/babel-polyfill.js', 'https://www2.bac-assets.com/homepage/spa-assets/components/utilities/vendor/require/2.2.0/js/require.js', 'https://www2.bac-assets.com/homepage/spa-assets/bundles/6342fe89.js', 'https://www2.bac-assets.com/homepage/spa-assets/bundles/c5bf7860.js', 'https://www2.bac-assets.com/homepage/spa-assets/bundles/2e42a397.js', 'https://www2.bac-assets.com/homepage/./spa-assets/components/utilities/vendor/require-css/0.1.8/js/require-css.js', 'https://secure.bankofamerica.com/login/sign-in/entry/cc.go', 'https://secure.bankofamerica.com/pa/components/utilities/ah-continuous-auth-util/1.1/deploy/cau-login.js', 'https://www2.bac-assets.com/homepage/./spa-assets/components/utilities/helpers/helpers-checkbox/1.0.0/js/helpers-checkbox.js', 'https://www2.bac-assets.com/homepage/./spa-assets/components/utilities/helpers/helpers-cinema/1.0.0/js/helpers-cinema.js', 'https://www2.bac-assets.com/homepage/./spa-assets/components/utilities/helpers/helpers-code/1.0.0/js/helpers-code.js', 'https://www2.bac-assets.com/homepage/./spa-assets/components/utilities/helpers/helpers-data/1.0.1/js/helpers-data.js', 'https://www2.bac-assets.com/homepage/./spa-assets/components/utilities/helpers/helpers-datepicker/1.2.2/js/helpers-datepicker.js', 'https://www2.bac-assets.com/homepage/./spa-assets/components/utilities/helpers/helpers-layout-support/1.0.1/js/helpers-layout-support.js', 'https://www2.bac-assets.com/homepage/./spa-assets/components/utilities/helpers/helpers-meta/1.6.4/js/helpers-meta.js', '//tags.tiqcdn.com/dle/bofa/main/prod-_-homepage-content-personal-homepage_personal.js', 'https://www2.bac-assets.com/homepage/./spa-assets/components/utilities/helpers/helpers-radio-button/1.0.1/js/helpers-radio-button.js', 'https://www2.bac-assets.com/homepage/./spa-assets/components/utilities/helpers/helpers-select/1.0.1/js/helpers-select.js', 'https://www2.bac-assets.com/homepage/./spa-assets/components/utilities/helpers/helpers-sparta/1.3.1/js/helpers-sparta.js', 'https://www2.bac-assets.com/homepage/./spa-assets/components/utilities/helpers/helpers-strings/1.0.1/js/helpers-strings.js', 'https://www2.bac-assets.com/homepage/./spa-assets/components/utilities/helpers/helpers-textarea/1.0.0/js/helpers-textarea.js', 'https://www2.bac-assets.com/homepage/./spa-assets/components/utilities/consumer/helpers/helpers-text-inputs/1.0.0/js/helpers-text-inputs.js']",23
https://office365.com,"{'Cache-Control': 'no-cache, no-store, no-transform', 'Pragma': 'no-cache', 'Content-Type': 'text/html; charset=utf-8', 'Content-Encoding': 'gzip', 'Expires': '-1', 'X-Activity-Id': '5b6a347c-9e17-4466-b59c-d46ea9754c2e', 'MS-CV': 'pGP24ZMUBEaTv25B.0', 'X-AppVersion': '1.0.7541.32354', 'X-Az': '{did:92e7dc58ca2143cfb2c818b047cc5cd1, rid: OneDeployContainer, sn: marketingsites-prod-odeastus, dt: 2018-05-03T20:14:23.4188992Z, bt: 2020-08-25T01:58:28.0000000Z}', 'ms-operation-id': 'e917c038360cff4e99aa1f3b487f18bc', 'P3P': 'CP=""CAO CONi OTR OUR DEM ONL""', 'X-UA-Compatible': 'IE=Edge;chrome=1', 'X-Content-Type-Options': 'nosniff', 'X-Frame-Options': 'SAMEORIGIN', 'Access-Control-Allow-Methods': 'HEAD,GET,POST,PATCH,PUT,OPTIONS', 'X-XSS-Protection': '1; mode=block', 'Content-Length': '36740', 'Date': 'Wed, 02 Sep 2020 03:37:46 GMT', 'Connection': 'keep-alive', 'Vary': 'Accept-Encoding', 'Set-Cookie': 'X-FD-FEATURES=ids=sfwaaa%2c4967t1%2cenablebuynowctrl%2c5459c%2c5973t1%2c4966t1%2c4839t2%2c5946t1%2c3286t1%2ctasmigration010%2ccartemberpl%2cdisablenorefunds%2cdaconvertenabled%2cmyflight&imp=5a55422b-7195-4954-afd3-1677832e0e9a; expires=Thu, 02-Sep-2021 03:37:46 GMT; path=/; secure; HttpOnly, X-FD-Time=1; expires=Wed, 02-Sep-2020 03:42:46 GMT; path=/;SameSite=None; secure; HttpOnly', 'TLS_version': 'tls1.2', 'Strict-Transport-Security': 'max-age=31536000', 'X-RTag': 'RT'}","['//www.microsoft.com/onerfstatics/marketingsites-eus-prod/_h/46c44584/coreui.statics/externalscripts/jquery/jquery-3.3.1.min.js', '//www.microsoft.com/onerfstatics/marketingsites-eus-prod/_h/a74dfbfc/office.testdrive/externalscripts/adobetarget/at.js', '//www.microsoft.com/onerfstatics/marketingsites-eus-prod/MICROSOFT-365/_scrf/js/themes=default/2f-63ce8f/2d-7a9063/dc-7e9864/4f-5115f8/7d-266f10/4a-abd94b/6d-c07ea1/e1-c35781/23-c64e70/cd-23d3b0/6d-1e7ed0/b7-cadaa7/c4-898cf2/ca-40b7b0/4e-ee3a55/3e-f5c39b/c3-6454d7/f9-7592d3/92-10345d/f8-73a5f2/79-499886/7e-cda2d3/b2-7087f0/ab-30f5b9/91-97a04f/1f-100dea/33-abe4df/fe-a5cf09/e3-082b89?ver=2.0', '//www.microsoft.com/onerfstatics/marketingsites-eus-prod/MICROSOFT-365/_scrf/js/themes=default/9e-6ade99/8e-883c01/73-8c8415/58-f3fc85/d6-6e76d0/e6-9d6ac7/1a-3fe6fe/dd-e3b567/cd-8ce651/f5-7e27a5/7a-3277aa?ver=2.0', '//www.microsoft.com/onerfstatics/marketingsites-eus-prod/MICROSOFT-365/_scrf/js/themes=default/9e-bcc229/1e-fd610f?ver=2.0', 'https://www.microsoft.com/mwf/js/MWF_20200416_22921869/alert/ambientvideo/areaheading/autosuggest/button/calltoaction/dialog/divider/feature/glyph/heading/hero/heroitem/hyperlinkgroup/image/imageintro/list/logo/mosaic/mosaicplacement/multislidecarousel/pagebehaviors/rating/skiptomain/social?apiVersion=1.0', ""https://web.vortex.data.microsoft.com/collect/v1/t.js?ver='2.1'&name='Ms.Webi.PageView'&time='2020-09-02T03%3A37%3A42.287Z'&os='Windows'&appId='JS%3AMicrosoft-365'&cV='CZ4psVgVHUeprvW4.0'&-ver='1.0'&-impressionGuid='d4143110-b51f-4c01-8d47-db1dea764acf'&-pageName='default.es-ww'&-uri='https%3A%2F%2Fwww.microsoft.com%2Fes-ww%2Fmicrosoft-365%3Fms.url%3Doffice365com%26rtc%3D1'&-market='es-ww'&-pageType='Office.AllModulesTools'&-resHeight=900&-resWidth=1600&-pageTags='%7B%22browserGroup%22%3A%22uplevel.web.pc.webkit.chrome%22%2C%22isTentedPage%22%3Afalse%2C%22tasId%22%3A%223002a3ed-7d46-4995-a6ef-0f707a489f86%22%2C%22tasMuid%22%3A%22227AE1D270EC60381C22EEEB71116118%22%2C%22pageVersion%22%3A%220.1%22%2C%22isCachedPage%22%3Afalse%2C%22enabledFeatures%22%3A%22UhfPb%3A1%2CUhfUsePh%3A1%2CEnableLocaleDetection%3A1%2CUhfSwp%3A1%2Ccore_cookiecompliance_enabled%3A1%2Ccore_akamai_im_enabled%3A1%2Ccoreui_hero_image_resize_90%3A1%2Cuhf_as_iris%3A1%2Ccore_use_coreui_mwf%3A1%2Ccoreui_makeimagebackgroundtransparent%3A1%2Ccore_BypassJWTValidation%3A1%2CMSADisableForceSignin%3A1%2CIsRtoRuleDisabled%3A1%2CDisableToSkipMarketdetectionforUknownRoutes%3A1%2Cf_video_uselegacyservice%3A1%2Cuhf_magic_triangle%3A1%2CRelevanceOverride%3A1%2CEnableAzureActiveDirectory20%3A1%2CuseRecentDefaultRnR%3A1%2CIsIrisV4Enabled%3A1%2Cf_video_useadaptive%3A1%2Ccore_uhf_access_policy%3A1%2Cuhf_st_enabled%3A1%2Cjquery_latest%3A1%2CDisableOneRFSearchRoute%3A1%2CResolveDataProviderByPartnerNameSpace%3A1%2Ccore_disable_extensibility%3A1%2CInvokeLoginAuthorizeAndRedirect%3A1%2CAllowIncludeExclusivityArguments%3A1%2Cuhf_stick_footer_to_bottom%3A1%2CEnableFetchOfKnownDocument%3A1%2Cboomerang_disabled%3A1%2CretailServerFromTenantConfig%3A1%2Cnode_scnr_blob%3A1%2Crushmore_gzip_html%3A1%2CDisableTATToken%3A1%2Cnode_legacy_getactiveprices%3A1%2CowMarketSelectorRedir%3A1%2Cuhf_enable_domain_check%3A1%2Cnode_disable_cors%3A1%2Cuhf_enable_promo_banner%3A1%2Ccore_useAfsRestApiForStatics%3A1%2Cowturnonauthredirect%3A1%2CUse1PCommonReplyUrl%3A1%2CEnableNonceCookieMiddleware%3A1%2Ccore_readStaticsFromGeoStorage%3A1%2CEnable1PAuthentication%3A1%2Cuhf_enable_generic_promo_banner%3A1%2Ccore_usePageIdAsConornical%3A1%2Ccore_enablerushmoresitemanager%3A1%2Cshowannouncement%3A1%2Cowfwlink%3A1%2Cshowga%3A1%2Cs_core_mwf_version__MWF_20200416_22921869%3A1%2Cowrdpcountriesvnext%3A1%2Cf_EnableCSRFValidation%3A1%2CClickTale_disabled%3A1%2CUseMSIforAccessTokeninNodeService%3A1%2CEnableInternalRetailProxy%3A1%2Cliveengage%3A1%2Ccore_disablepreviewpageroute%3A1%2CEnableB2CTokenAutoRefresh%3A1%2Cnode_async_chunks%3A1%2COwACService%3A1%2COwPipeline%3A1%2COwRoadmapNoProductGrouping%3A1%2CdisableDCMWithCmsBatchQueries%3A1%2Cmwf_useazureblobstorage%3A1%22%2C%22pageSubType%22%3A%22RW7G7V%22%2C%22canvasType%22%3A%22Web%22%2C%22deviceFamily%22%3Anull%2C%22isOneRf%22%3Atrue%2C%22isCorpNet%22%3Afalse%2C%22dataVersion%22%3A%2212%2F08%2F2020%203%3A47%3A19%20%2B00%3A00%22%2C%22serviceName%22%3A%22marketingsites-prod-odeastus%22%2C%22metaTags%22%3A%7B%7D%2C%22scripts%22%3A%22JQuery%2CComscore%2CTealium%2CAdobeTarget%22%7D'&-behavior=0&*baseType='Ms.Content.PageView'&*cookieEnabled=true&*isJs=true&*title='Microsoft%20365%20ahora%20con%20Office%20365%2C%20servicios%20en%20la%20nube%20y%20seguridad'&*isLoggedIn=false&*serverImpressionGuid='c2534127-38b5-412f-852c-7261410f681f'&ext-app-env='onerf_prod'&ext-app-expId='EX%3Asfwaaa%2CEX%3Alpaiexp1%2CEX%3A4967t1%2CEX%3Aenablebuynow%2CEX%3A5459t1%2CEX%3A5973t1%2CEX%3A4966t1%2CEX%3A4838t5%2CEX%3A5946c%2CEX%3A3286t1%2CEX%3Atasmigration010%2CEX%3Acartemberpl%2CEX%3Adisablenorefunds%2CEX%3Adaconvertenabled'&ext-javascript-ver='1.1'&ext-javascript-libVer='4.2.8'&ext-javascript-domain='www.microsoft.com'&ext-javascript-userConsent=false&ext-user-localId='t%3A227AE1D270EC60381C22EEEB71116118'&$mscomCookies=true"", 'https://mem.gfx.ms/scripts/me/MeControl/10.20239.2/es-MX/meBoot.min.js', 'https://mem.gfx.ms/meversion?partner=OfficeProducts&market=es-ww&uhf=1']",9
https://360.cn,"{'Server': 'nginx', 'Date': 'Wed, 02 Sep 2020 03:43:08 GMT', 'Content-Type': 'text/html', 'Last-Modified': 'Wed, 02 Sep 2020 03:36:19 GMT', 'Transfer-Encoding': 'chunked', 'Connection': 'close', 'ETag': 'W/""5f4f1333-14161""', 'Content-Encoding': 'gzip'}","['//s.ssl.qhimg.com/static/0729c697c74a3b98.js', '//s.ssl.qhmsg.com/static/0e4b4f909dd26431/jquery,qw.core.js', '//s.ssl.qhimg.com/static/f5407c785655e6a1/monitor_analytic.js', '//s.ssl.qhmsg.com/!073cb963/Cookie.js', '//s.ssl.qhmsg.com/!b9cea183/lightbox.js', '//s.ssl.qhimg.com/static/e06d0b69be58c40c.js', '//s.ssl.qhimg.com/static/85a9725bb0e32f2a.js', '//s.ssl.qhimg.com/static/4d2a0452538a9fa4.js', '//s.ssl.qhimg.com/static/542de339a50753c0.js', '//s.ssl.qhimg.com/static/72a3b5b755877d15.js', '//s.ssl.qhimg.com/static/54e4ba144de1bf07.js', '//s.ssl.qhimg.com/static/224605e7eefeb438.js', '//s.ssl.qhimg.com/static/ba1c06c2ff5f4724.js', '//s.ssl.qhimg.com/static/c8e8100728e5828b.js']",14
https://canva.com,"{'Date': 'Wed, 02 Sep 2020 03:43:46 GMT', 'Content-Type': 'text/html; charset=UTF-8', 'Transfer-Encoding': 'chunked', 'Connection': 'close', 'CF-Chl-Bypass': '1', 'Set-Cookie': '__cfduid=db9c2812c84ee3a94966d693179b856101599018226; expires=Fri, 02-Oct-20 03:43:46 GMT; path=/; domain=.canva.com; HttpOnly; SameSite=Lax; Secure', 'Cache-Control': 'private, max-age=0, no-store, no-cache, must-revalidate, post-check=0, pre-check=0', 'Expires': 'Thu, 01 Jan 1970 00:00:01 GMT', 'X-Frame-Options': 'SAMEORIGIN', 'cf-request-id': '04ee82e9780000d4f92d344200000001', 'Expect-CT': 'max-age=604800, report-uri=""https://report-uri.cloudflare.com/cdn-cgi/beacon/expect-ct""', 'Vary': 'Accept-Encoding', 'Strict-Transport-Security': 'max-age=31536000; includeSubDomains; preload', 'X-Content-Type-Options': 'nosniff', 'Server': 'cloudflare', 'CF-RAY': '5cc43a88cd25d4f9-MIA', 'Content-Encoding': 'gzip', 'alt-svc': 'h3-27="":443""; ma=86400, h3-28="":443""; ma=86400, h3-29="":443""; ma=86400'}","['https://www.google-analytics.com/plugins/ua/ec.js', 'https://connect.facebook.net/signals/config/844585682227065?v=2.9.24&r=stable', 'https://connect.facebook.net/signals/plugins/identity.js?v=2.9.24', 'https://connect.facebook.net/en_US/fbevents.js', '//www.googleadservices.com/pagead/conversion_async.js', 'https://www.google-analytics.com/analytics.js', '//bat.bing.com/bat.js', 'https://snap.licdn.com/li.lms-analytics/insight.min.js', 'https://js.appboycdn.com/web-sdk/2.6/appboy.core.min.js', 'https://www.googletagmanager.com/gtm.js?id=GTM-TZPTKRR&l=dataLayer', 'https://static.canva.com/static/lib/cl/cl-0.3.0.min.js', 'https://static.canva.com/static/lib/sentry/5.15.4.min.js', 'https://www.googleadservices.com/pagead/conversion/799378922/?random=1599018223889&cv=9&fst=1599018223889&num=1&rdp=1&value=0&label=yTcZCKr_-tsBEOqblv0C&guid=ON&resp=GooglemKTybQhCsO&u_h=900&u_w=1600&u_ah=860&u_aw=1600&u_cd=24&u_his=2&u_tz=-240&u_java=false&u_nplug=3&u_nmime=4&gtm=2wg8j2&sendb=1&ig=1&frm=0&url=https%3A%2F%2Fwww.canva.com%2F&tiba=Collaborate%20%26%20Create%20Amazing%20Graphic%20Design%20for%20Free&hn=www.googleadservices.com&bttype=purchase&async=1&rfmt=3&fmt=4', 'https://static.canva.com/web/18709d539396798a5045ee3202aa8d5c70e139c0.strings.js', 'https://static.canva.com/web/76d3a7b38f2cb15e60eb8c1b53fe9a79.2.runtime.js', 'https://static.canva.com/web/8397287f8b80c11a15af.2.js', 'https://static.canva.com/web/538eea568f984e5db3aa.2.js', 'https://static.canva.com/web/835afe0928ab069d0dfe.2.js', 'https://static.canva.com/web/a716d6561702863c6e485304ed32bc95.2.js', 'https://accounts.google.com/gsi/client']",20
https://xvideos.com,"{'Date': 'Wed, 02 Sep 2020 03:44:21 GMT', 'Content-Type': 'text/html; charset=utf-8', 'Content-Length': '38423', 'P3p': 'policyref=""/p3p.xml"", CP=""NOI CURa ADMa DEVa TAIa OUR BUS IND UNI COM NAV INT""', 'Vary': 'Accept-Encoding,User-Agent,Accept-Language,Cookie', 'X-Frame-Options': 'SAMEORIGIN', 'Content-Security-Policy': ""default-src 'self' data: 'unsafe-inline' 'unsafe-eval' blob: *.xvideos.com *.xnxx.com *.xvideos-cdn.com *.xnxx-cdn.com *.others-cdn.com z8y8f3q6.ssl.hwcdn.net https://www.xvideos.com https://wg-xvdev.xvideos.com *.trafficfactory.biz fonts.googleapis.com fonts.gstatic.com ajax.googleapis.com www.google-analytics.com *.addthis.com *.addthisedge.com www.iwanttodeliver.com apis.google.com www.google.com www.gstatic.com accounts.google.com https://www.google.com/recaptcha/ https://www.gstatic.com/recaptcha/ *.lswcdn.net *.llnwd.net *.hwcdn.net fcm.googleapis.com *.nk-img.com https://static-dev-xvlive.xvideos.com https://dev-api.naked.com http://dev-api.naked.com *.googleapis.com *.exosrv.com *.realsrv.com *.ackcdn.net *.adtng.com *.adglare.net *.bngpt.com *.trafficjunky.net *.ohmybutt.com *.flirt4free.com *.xlovecam.com *.wlresources.com *.medleyads.com *.cams.com *.acdn5165543.com *.protoawe.com *.google-analytics.com *.livejasmin.com *.jsmcrptjmp.com *.awemwh.com *.promo-bc.com *.bongacams.com *.bongacash.com *.gammae.com *.servingmillions.com *.super-route.com cdn01.flashmediaportal.com engine.asf4f.us *.htdvt.com *.jerkmate.com *.vfgtb.com *.hytxg2.com *.awemdia.com *.cfgr3.com *.ajxx98.online *.sf4f.us *.adworldmedia.com *.adglare.net www.flirt4free.com www.ohmybutt.com www.secretpartners.com *.livejasmin.com *.jsmcrptjmp.com *.awemwh.com etahub.com ctrack.trafficjunky.net tracking.sexcash.com wss://dev-chatserver.camster.com wss://staging-chatserver.camster.com wss://m.1ka.com wss://c1.1ka.com wss://c11.1ka.com wss://c12.1ka.com wss://c13.1ka.com wss://c14.1ka.com wss://c15.1ka.com wss://c16.1ka.com wss://c17.1ka.com wss://c18.1ka.com wss://c19.1ka.com wss://c110.1ka.com wss://c111.1ka.com wss://c112.1ka.com wss://c113.1ka.com wss://c114.1ka.com wss://c115.1ka.com wss://c2.1ka.com wss://c21.1ka.com wss://c22.1ka.com wss://c23.1ka.com wss://c24.1ka.com wss://c25.1ka.com wss://c26.1ka.com wss://c27.1ka.com wss://c28.1ka.com wss://c29.1ka.com wss://c210.1ka.com wss://c211.1ka.com wss://c212.1ka.com wss://c213.1ka.com wss://c214.1ka.com wss://c215.1ka.com wss://c3.1ka.com wss://c31.1ka.com wss://c32.1ka.com wss://c33.1ka.com wss://c34.1ka.com wss://c35.1ka.com wss://c36.1ka.com wss://c37.1ka.com wss://c38.1ka.com wss://c39.1ka.com wss://c4.1ka.com wss://c41.1ka.com wss://c42.1ka.com wss://c43.1ka.com wss://c44.1ka.com wss://c45.1ka.com wss://c46.1ka.com wss://c47.1ka.com wss://c48.1ka.com wss://c49.1ka.com wss://c410.1ka.com wss://c411.1ka.com wss://c412.1ka.com wss://c413.1ka.com wss://c414.1ka.com wss://c415.1ka.com wss://c5.1ka.com wss://c51.1ka.com wss://c52.1ka.com wss://c53.1ka.com wss://c54.1ka.com wss://c55.1ka.com wss://c56.1ka.com wss://c57.1ka.com wss://c58.1ka.com wss://c59.1ka.com wss://c510.1ka.com wss://c511.1ka.com wss://c512.1ka.com wss://c513.1ka.com wss://c514.1ka.com wss://c515.1ka.com https://dev-chatserver.camster.com https://staging-chatserver.camster.com https://m.1ka.com https://c1.1ka.com https://c11.1ka.com https://c12.1ka.com https://c13.1ka.com https://c14.1ka.com https://c15.1ka.com https://c16.1ka.com https://c17.1ka.com https://c18.1ka.com https://c19.1ka.com https://c110.1ka.com https://c111.1ka.com https://c112.1ka.com https://c113.1ka.com https://c114.1ka.com https://c115.1ka.com https://c2.1ka.com https://c21.1ka.com https://c22.1ka.com https://c23.1ka.com https://c24.1ka.com https://c25.1ka.com https://c26.1ka.com https://c27.1ka.com https://c28.1ka.com https://c29.1ka.com https://c210.1ka.com https://c211.1ka.com https://c212.1ka.com https://c213.1ka.com https://c214.1ka.com https://c215.1ka.com https://c3.1ka.com https://c31.1ka.com https://c32.1ka.com https://c33.1ka.com https://c34.1ka.com https://c35.1ka.com https://c36.1ka.com https://c37.1ka.com https://c38.1ka.com https://c39.1ka.com https://c4.1ka.com https://c41.1ka.com https://c42.1ka.com https://c43.1ka.com https://c44.1ka.com https://c45.1ka.com https://c46.1ka.com https://c47.1ka.com https://c48.1ka.com https://c49.1ka.com https://c410.1ka.com https://c411.1ka.com https://c412.1ka.com https://c413.1ka.com https://c414.1ka.com https://c415.1ka.com https://c5.1ka.com https://c51.1ka.com https://c52.1ka.com https://c53.1ka.com https://c54.1ka.com https://c55.1ka.com https://c56.1ka.com https://c57.1ka.com https://c58.1ka.com https://c59.1ka.com https://c510.1ka.com https://c511.1ka.com https://c512.1ka.com https://c513.1ka.com https://c514.1ka.com https://c515.1ka.com https://media.1ka.com https://u.1ka.com https://n.1ka.com;img-src 'self' 'unsafe-inline' data: blob: *.xvideos.com *.xnxx.com *.xvideos-cdn.com *.xnxx-cdn.com *.others-cdn.com *.hwcdn.net *.trafficfactory.biz www.google.com www.google-analytics.com ssl.gstatic.com *.nk-img.com *.camster.com *.vscdns.com *.doubleclick.net *.google.fr *.google.com *.exoclick.com *.exosrv.com *.realsrv.com *.ackcdn.net;"", 'Set-Cookie': 'session_token=e2b7356e77e2a4f14XoMB4EgrCeHtTtj-cmqlKYu5lu1WbHRtmPtHbAyqIPUQxOnDLdAq2BZvJ09w2X16DG4Jvg5jWff6gMMtE0WBA41UcKTOCB5hYXUX03DWcqV2XFMK8Po6LFFKFZnphuCsuXy0O3dl4lnfWHLzjx9xLAqH-UNtOip0br7YJswluZ9QP-jF8UT_8eFUuz0FWamzneYJacDEUyWbw3t8yaaQw%3D%3D; expires=Fri, 02-Oct-2020 03:44:21 GMT; Max-Age=2592000; path=/; domain=.xvideos.com; secure', 'Content-Encoding': 'gzip', 'Server': 'nginx'}","['https://static-l3.xvideos-cdn.com/v-ae64df9b710/v3/js/skins/min/default.header.static.js', 'https://static-l3.xvideos-cdn.com/v-a35a033d7ba/v3/js/skins/min/default.js', 'https://static-l3.xvideos-cdn.com/v-a35a033d7ba/v3/js/jquery.js', 'https://static-l3.xvideos-cdn.com/v-e4458138679/v3/js/skins/min/default.footer.static.js', 'https://static-l3.xvideos-cdn.com/v3/js/libs/jquery.min.js', 'https://static-l3.xvideos-cdn.com/v3/js/skins/min/require.static.js']",6
https://roblox.com,"{'cache-control': 'private, must-revalidate', 'content-type': 'text/html; charset=utf-8', 'content-encoding': 'gzip', 'vary': 'Accept-Encoding', 'strict-transport-security': 'max-age=31536000', 'content-security-policy': ""report-uri https://metrics.roblox.com/v1/csp/report?type=enforce; script-src 'self' 'unsafe-inline' 'unsafe-eval' *.evidon.com *.gigya.com *.google-analytics.com *.ns1p.net *.pingdom.net adservice.google.com ajax.aspnetcdn.com ajax.googleapis.com cdn.arkoselabs.com connect.facebook.net funcaptcha.com imasdk.googleapis.com js.rbxcdn.com long.open.weixin.qq.com midas.gtimg.cn radar.cedexis.com res.wx.qq.com roblox-api.arkoselabs.com roblox-load-generator-configuration.s3.us-east-2.amazonaws.com s.ytimg.com sb.scorecardresearch.com static.rbxcdn.com www.google.com www.gstatic.com www.youtube.com/iframe_api h.online-metrix.net request.eprotect.vantivcnp.com request.eprotect.vantivpostlive.com authsite.roblox.com *.googletagmanager.com *.googleadservices.com https://googleads.g.doubleclick.net"", 'x-frame-options': 'SAMEORIGIN', 'set-cookie': 'RBXSource=rbx_acquisition_time=9/1/2020 10:44:57 PM&rbx_acquisition_referrer=&rbx_medium=Direct&rbx_source=&rbx_campaign=&rbx_adgroup=&rbx_keyword=&rbx_matchtype=&rbx_send_info=0; domain=roblox.com; expires=Fri, 02-Oct-2020 03:44:57 GMT; path=/, rbx-ip2=; domain=roblox.com; expires=Wed, 02-Sep-2020 04:44:57 GMT; path=/, GuestData=UserID=-223576144; domain=.roblox.com; expires=Sun, 19-Jan-2048 04:44:57 GMT; path=/', 'p3p': 'CP=""CAO DSP COR CURa ADMa DEVa OUR IND PHY ONL UNI COM NAV INT DEM PRE""', 'date': 'Wed, 02 Sep 2020 03:44:56 GMT', 'content-length': '13256'}","['https://www.googleadservices.com/pagead/conversion_async.js', 'https://cdn.arkoselabs.com/fc/js/b295696414c84cd8a9e73661a8c50877/standard/funcaptcha_api.js', 'https://sb.scorecardresearch.com/beacon.js', 'https://ssl.google-analytics.com/ga.js', 'https://js.rbxcdn.com/90ad5f1b3d18c39c3f9e0ef6d60ab071.js', 'https://js.rbxcdn.com/8882aff3df88857d3f40ad34a7551002805708bb49bfd90bfd78a878df7ea77a.js', 'https://js.rbxcdn.com/db5218c3fbccfaa300942c9c11f581d29079dcf3d27e2b69c410f10ba3aff8d4.js', 'https://js.rbxcdn.com/4e55f6ebcb9a3f0f3d069f19eed995221057ec7b890acc38017b08f857b5f0bd.js', 'https://js.rbxcdn.com/521363f7b895f4d480a7b09794775558093bd166c9b319ae5285e20dd3c8f000.js', 'https://www.googletagmanager.com/gtag/js?id=AW-1065449093', 'https://googleads.g.doubleclick.net/pagead/viewthroughconversion/1065449093/?random=1599018294384&cv=9&fst=1599018294384&num=1&bg=ffffff&guid=ON&resp=GooglemKTybQhCsO&u_h=900&u_w=1600&u_ah=860&u_aw=1600&u_cd=24&u_his=2&u_tz=-240&u_java=false&u_nplug=3&u_nmime=4&gtm=2oa8j2&sendb=1&ig=1&data=event%3Dgtag.config&frm=0&url=https%3A%2F%2Fwww.roblox.com%2F&tiba=Roblox&hn=www.googleadservices.com&async=1&rfmt=3&fmt=4', 'https://roblox-api.arkoselabs.com/fc/api/?onload=reportFunCaptchaLoaded', 'https://js.rbxcdn.com/d44520f7da5ec476cfb1704d91bab327.js', 'https://js.rbxcdn.com/ff3308aa2e909de0f9fcd5da7b529db247f69fe9b4072cbbc267749800a4d9e6.js', 'https://js.rbxcdn.com/83d836a661ff433d5b7ce719c489e43af590ff75ab39ccc6d393546fe91b766a.js', 'https://js.rbxcdn.com/3154b16dc5bb43efdee3e97f52f2bccc.js', 'https://js.rbxcdn.com/29e934b6663dadcb5e26a2e20ece5ecc71a51246da823dae934de8f855183cd5.js', 'https://js.rbxcdn.com/d831016ac77eaa03d38a1abae76276ce0ed115be54a6e9659672ee1d0ebacee2.js', 'https://js.rbxcdn.com/45841f2140bdbf6302237530383db2c6bfd938c7138a085cea83fb5f4c03086c.js', 'https://js.rbxcdn.com/898cb6e9c467d15ad80a67d019f3815d35dbc6ff60c12ef7dd928e8fbaf02b0b.js', 'https://js.rbxcdn.com/457cb892679c50a3a203cde992d9221ffd05e6372b0f0a06df2d14b96e330160.js', 'https://js.rbxcdn.com/ae3d621886e736e52c97008e085fa286.js', 'https://js.rbxcdn.com/2de98c4791c4b1c0d042a11ea60deaaaa5f73d7d0cc286f8b00c0380779a316b.js', 'https://js.rbxcdn.com/95f7afb5fcb3c8ae379d51661e32c54ea8d8b823ace7574bd0b7fab9275cba6b.js', 'https://js.rbxcdn.com/99553afc5b1b7777cb1ff6f486b6166076fd7879e602804f7eaaa672cd365264.js', 'https://js.rbxcdn.com/625386c16bd460464b52b90e1b151ba5d86600567d27a22d23fe0d562ddbe1e1.js', 'https://js.rbxcdn.com/ffcc04436179c6b2a6668fdfcfbf62b1.js', 'https://js.rbxcdn.com/005ea55a08a781d2c3115de2cec04c6f79ad613aa794184fdda4aa4c85658b94.js', 'https://js.rbxcdn.com/8e39f38b3ae6afcba0966973e3f4668a6a94f7b52313d8c39afa50d2355ac323.js', 'https://js.rbxcdn.com/a492c6d3ab5263357ae94288a7fc4889ee69c8a88bf052cc39938255170ece90.js', 'https://js.rbxcdn.com/8ebb208e1b2c23f46627545bc6894d839e3d9eb908cf51ecd1c15ecd7d3b4c7f.js', 'https://js.rbxcdn.com/105382fb4805646c67046c1b6f04aceee474a189df0a550bf00d861814d45964.js', 'https://js.rbxcdn.com/b5950dbf3080ed6b06446cc134cd09fd78a4f68cf4e640c57cabfab6a80cabd6.js', 'https://js.rbxcdn.com/40748e858f962cd15b99291ed097e84a5b6a39c6c3abda791d81fa8c476ea37d.js', 'https://js.rbxcdn.com/96391f84e39a9f90d90462a6b1466161.js', 'https://js.rbxcdn.com/c646128e190231fa2012c92fcf0341ba3e8b864e254372d3cb589b282584c4c7.js', 'https://js.rbxcdn.com/5fbe4bf3cd758289553a511c4208511ebaeaf37add48e7f10820893557c65e01.js', 'https://js.rbxcdn.com/17091e11cde0903bf323c9ea6f84f94ad2c6564c1e7cedcd9d33431c3539231f.js', 'https://js.rbxcdn.com/509f8746c05cd3135e19c145dca68f2ed4130f4f73ea4cf7212b06f2231fcf72.js', 'https://js.rbxcdn.com/0161cbe6b5c9cfcf5f45577d1f42b33257b001e0ebf8e7a9a5e25009b649c9cd.js', 'https://js.rbxcdn.com/b6f7e0e090bb44e092c19eb7e714473be92bd8b26eb53b693e03179658950b69.js', 'https://js.rbxcdn.com/75d691f0d9840862e1341c56663ab6a620bed97a721809dce6ef85c68b3b0c5b.js', 'https://js.rbxcdn.com/8970b46e46bddd4380edbc66639b5b333720b2633a9105d4cde2c31ba2878d97.js', 'https://js.rbxcdn.com/0ea369a7496bf1e32d7a3834a06b42b1eeea4720c6a4b5fd719792d082eba641.js', 'https://js.rbxcdn.com/20bf80e2f2a73ba49c30b2da5052e62d.js']",45
https://yelp.com,"{'Connection': 'keep-alive', 'content-type': 'text/html; charset=UTF-8', 'cache-control': 'max-age=0, must-revalidate, no-cache, no-store, private, no-transform', 'pragma': 'no-cache', 'server': 'Apache', 'set-cookie': 'pid=; Domain=.yelp.com; Max-Age=0; Path=/; expires=Wed, 31-Dec-97 23:59:59 GMT, bse=cc83ac0f392948bbbb96af796c4fe3a1; Domain=.yelp.com; Path=/; HttpOnly, location=%7B%22city%22%3A+%22San+Francisco%22%2C+%22state%22%3A+%22CA%22%2C+%22country%22%3A+%22US%22%2C+%22latitude%22%3A+37.775123257209394%2C+%22longitude%22%3A+-122.41931994395134%2C+%22max_latitude%22%3A+37.81602226140252%2C+%22min_latitude%22%3A+37.706368356809776%2C+%22max_longitude%22%3A+-122.3550796508789%2C+%22min_longitude%22%3A+-122.51781463623047%2C+%22zip%22%3A+%22%22%2C+%22address1%22%3A+%22%22%2C+%22address2%22%3A+%22%22%2C+%22address3%22%3A+null%2C+%22neighborhood%22%3A+null%2C+%22borough%22%3A+null%2C+%22provenance%22%3A+%22YELP_GEOCODING_ENGINE%22%2C+%22display%22%3A+%22San+Francisco%2C+CA%22%2C+%22unformatted%22%3A+%22San+Francisco%2C+CA%22%2C+%22isGoogleHood%22%3A+null%2C+%22usingDefaultZip%22%3A+null%2C+%22accuracy%22%3A+4.0%2C+%22language%22%3A+null%7D; Domain=.yelp.com; Max-Age=630720000; Path=/; expires=Tue, 28-Aug-2040 03:45:34 GMT, hl=en_US; Domain=.yelp.com; Max-Age=630720000; Path=/; expires=Tue, 28-Aug-2040 03:45:36 GMT', 'x-zipkin-id': '14b70ef770d02833', 'expires': 'Wed, 02 Sep 2020 03:45:34 GMT', 'link': 'https://s3-media0.fl.yelpcdn.com; rel=preconnect, https://www.google-analytics.com; rel=preconnect', 'x-node': 'www_all, 10-65-136-137-useast1bprod-10cdae0c-ecb2-11ea-b316-0242efe59', 'content-security-policy': ""report-uri https://www.yelp.com/csp_block?id=c2194e496b5641a5&page=enforced_by_default_directives&policy_hash=7b6f2d6630868fdb2698dac44731677c&site=www&timestamp=1599018334; object-src 'self'; base-uri 'self' https://*.yelpcdn.com https://*.adsrvr.org https://6372968.fls.doubleclick.net; font-src data: 'self' https://*.yelp.com https://*.yelpcdn.com https://fonts.gstatic.com https://connect.facebook.net https://cdnjs.cloudflare.com https://apis.google.com https://www.google-analytics.com https://use.typekit.net https://player.ooyala.com https://use.fontawesome.com https://maxcdn.bootstrapcdn.com https://fonts.googleapis.com"", 'x-b3-sampled': '0', 'x-xss-protection': '1; report=https://www.yelp.com/xss_protection_report', 'x-content-type-options': 'nosniff', 'referrer-policy': 'origin-when-cross-origin', 'content-security-policy-report-only': ""report-uri https://www.yelp.com/csp_report_only?id=c2194e496b5641a5&page=csp_report_frame_directives%2Cfull_site_ssl_csp_report_directives&policy_hash=3275ba4c5b0741fb6e8d1b21e9975e80&site=www&timestamp=1599018334; frame-ancestors 'self' https://*.yelp.com; default-src https:; img-src https: data: https://*.adsrvr.org; script-src https: data: 'unsafe-inline' 'unsafe-eval' blob:; style-src https: 'unsafe-inline' data:; connect-src https:; font-src data: 'self' https://*.yelp.com https://*.yelpcdn.com https://fonts.gstatic.com https://connect.facebook.net https://cdnjs.cloudflare.com https://apis.google.com https://www.google-analytics.com https://use.typekit.net https://player.ooyala.com https://use.fontawesome.com https://maxcdn.bootstrapcdn.com https://fonts.googleapis.com; frame-src https: yelp-webview://* yelp://* data:; child-src https: yelp-webview://* yelp://*; media-src https:; object-src 'self'; worker-src blob: https:; base-uri 'self' https://*.yelpcdn.com https://*.adsrvr.org https://6372968.fls.doubleclick.net; form-action https: 'self'"", 'strict-transport-security': 'max-age=31536000; includeSubDomains; preload', 'x-routing-service': 'routing-main--useast1-5bcb54c99f-wv2d9; site=www', 'x-mode': 'ro', 'x-proxied': '10-65-190-220-useast1bprod', 'content-encoding': 'gzip', 'x-extlb': '10-65-190-220-useast1bprod', 'Accept-Ranges': 'bytes, bytes', 'Age': '0, 0', 'Date': 'Wed, 02 Sep 2020 03:45:36 GMT', 'Via': '1.1 varnish', 'X-Served-By': 'cache-mia17633-MIA', 'X-Cache': 'MISS', 'X-Cache-Hits': '0', 'X-Timer': 'S1599018335.665623,VS0,VE1550', 'Vary': 'User-Agent, Accept-Encoding', 'transfer-encoding': 'chunked'}","['//www.google-analytics.com/analytics.js', 'https://s3-media0.fl.yelpcdn.com/assets/srv0/svg_icons/b0259dbb0739/assets/svg_sprite.js?callback=window.yelp.__injectSvgSpritesheet', 'https://s3-media0.fl.yelpcdn.com/assets/srv0/cdn_assets/3576a6e73c9d/assets/vendor/jquery/1.8.3/jquery.min.js', 'https://s3-media0.fl.yelpcdn.com/assets/srv0/cdn_assets/45b9836beb16/assets/vendor/babel-polyfill/6.26.0/polyfill.min.js', 'https://s3-media0.fl.yelpcdn.com/assets/srv0/cdn_assets/c3c8400137ef/assets/vendor/react/16.3.0/umd/react.production.min.js', 'https://s3-media0.fl.yelpcdn.com/assets/srv0/cdn_assets/286a7c5cc69d/assets/vendor/react-dom/16.3.0/umd/react-dom.production.min.js', 'https://s3-media0.fl.yelpcdn.com/assets/public/module_homepage_main.yji-8cd88ef54915526afa42.js']",7
https://nih.gov,"{'Accept-Ranges': 'bytes', 'Age': '2610', 'Cache-Control': 'public, max-age=21600', 'Content-Encoding': 'gzip', 'Content-Language': 'en', 'Content-Type': 'text/html; charset=utf-8', 'Date': 'Wed, 02 Sep 2020 03:46:03 GMT', 'Etag': '""1599013811-1""', 'Expires': 'Sun, 19 Nov 1978 05:00:00 GMT', 'Last-Modified': 'Wed, 02 Sep 2020 02:30:11 GMT', 'Link': '<https://www.nih.gov/>; rel=""canonical"",<https://www.nih.gov/>; rel=""shortlink""', 'Server': 'nginx', 'Strict-Transport-Security': 'max-age=31536000', 'Vary': 'Cookie,Accept-Encoding', 'Via': 'varnish', 'X-AH-Environment': 'prod', 'X-Cache': 'HIT', 'X-Cache-Hits': '1547', 'X-Drupal-Cache': 'HIT', 'X-Frame-Options': 'SAMEORIGIN', 'X-Generator': 'Drupal 7 (http://drupal.org)', 'X-Request-ID': 'v-bf327af6-ecc8-11ea-ac4e-97e71b59c744', 'X-UA-Compatible': 'IE=edge,chrome=IE6', 'X-XSS-Protection': '1; mode=block', 'Content-Length': '14004', 'Connection': 'keep-alive'}","['https://s.ytimg.com/yts/jsbin/www-widgetapi-vflIcJli4/www-widgetapi.js', 'https://script.crazyegg.com/pages/versioned/common-scripts/11.1.68.js', '//www.youtube.com/iframe_api', '//www.google-analytics.com/analytics.js', '/sites/all/libraries/DAP/Universal-Federated-Analytics-Min.1.0.js?agency=HHS&subagency=NIH&pua=UA-22075261-1&sp=find&yt=true&exts=doc,docx,xls,xlsx,xlsm,ppt,pptx,exe,zip,pdf,js,txt,csv,dxf,wmv,jpg,wma,mov,avi,mp3,mp4,csv', '//search.usa.gov/javascripts/remote.loader.js', 'https://www.nih.gov/sites/default/files/js/js_1KLmwiAiOKRiH-4EPsNXQ_BHoIOTJQom6HIYK5YmaU8.js', 'https://www.nih.gov/sites/default/files/js/js_hNnF7a_sbk6nZ2-mOamHzalYND7HBHDLRInsaU93HDk.js', '//cdn.jsdelivr.net/qtip2/3.0.3/jquery.qtip.min.js', '//script.crazyegg.com/pages/scripts/0011/2616.js', 'https://www.nih.gov/sites/default/files/js/js_mCGyoC2onNRz1lZeBEKy6dxReO49Erv2ZMFVnna_5ts.js', '/sites/all/libraries/foresee/foresee-surveydef.js', '//search.usa.gov/assets/sayt_loader_libs.js', 'https://www.nih.gov/sites/default/files/js/js_u7NkY8T8nlOgV0rVVicmfB0CUuCvZZE_2_NkS4ohh6A.js', 'https://www.nih.gov/sites/default/files/js/js_hJ5qFDDVvvyNxucaZmxVVqzFiZY4FIGvsEowV4AN1xo.js']",15
https://cnet.com,"{'Connection': 'keep-alive', 'Content-Length': '57396', 'Content-Type': 'text/html; charset=UTF-8', 'X-TX-ID': '4802f78a-ed92-459a-b351-14ef3caac37b', 'Content-Security-Policy': ""frame-ancestors 'self' *.cnet.com *.ampproject.org *.amp.cloudflare.com *.bing-amp.com; default-src https: blob: about: 'unsafe-inline' 'unsafe-eval'; font-src https: blob: data:; img-src https: data: blob: android-webview-video-poster: about:; form-action https:; block-all-mixed-content; media-src https: blob: data:;"", 'X-FRAME-OPTIONS': 'SAMEORIGIN', 'Access-Control-Allow-Origin': 'https://www.cnet.com', 'Content-Encoding': 'gzip', 'Set-Cookie': 'nemo_highlander=fd2020:1:curation; expires=Tue, 08-Sep-2020 16:00:00 GMT; path=/; domain=.cnet.com; secure, fly_geo={""countryCode"": ""pr""}; max-age=604800; path=/; domain=.cnet.com; Secure;, fly_device=desktop; max-age=604800; path=/; domain=.cnet.com; Secure;, fly_zip=; max-age=604800; path=/; domain=.cnet.com; Secure;', 'Date': 'Wed, 02 Sep 2020 03:46:38 GMT', 'Cache-Control': 'max-age=300, private', 'Expires': 'Wed, 02 Sep 2020 03:49:36 GMT', 'Vary': 'Accept-Encoding, User-Agent', 'Strict-Transport-Security': 'max-age=63072000; includeSubDomains; preload', 'Accept-Ranges': 'bytes'}","['https://cdn.cookielaw.org/scripttemplates/otSDKStub.js', 'https://production-cmp.isgprivacy.cbsi.com/dist/optanon-v1.1.0.js', 'https://geolocation.onetrust.com/cookieconsentpub/v1/geo/location', 'https://cdn.cookielaw.org/scripttemplates/6.5.0/otBannerSdk.js', 'https://cnet3.cbsistatic.com/fly/4693af-fly/js/main.default.js', 'https://cnet1.cbsistatic.com/fly/js/libs/ads/bidbarrel-2.16.3.js', '//static.chartbeat.com/js/chartbeat_mab.js', 'https://cnet3.cbsistatic.com/fly/js/libs/mpulse.js', 'https://cnet4.cbsistatic.com/fly/js/native/nav.js', 'https://cnet2.cbsistatic.com/fly/js/libs/require-2.1.2.js']",10
https://pinterest.com,"{'x-xss-protection': '1; mode=block', 'x-content-type-options': 'nosniff', 'Vary': 'User-Agent, Accept-Encoding', 'x-ua-compatible': 'IE=edge', 'p3p': 'CP=""This is not a P3P policy. See https://www.pinterest.com/_/_/help/articles/pinterest-and-p3p for more info.""', 'Content-Security-Policy': ""script-src 'nonce-4422d15f9872c717bc0a4d17b9779e8a' 'strict-dynamic' 'report-sample' 'self' *.pinterest.com *.pinimg.com *.google.com connect.facebook.net *.google-analytics.com *.facebook.com *.googleadservices.com *.doubleclick.net *.googletagmanager.com *.adyen.com *.adyenpayments.com *.bnc.lt bnc.lt *.branch.io cdn.ampproject.org *.cdn.ampproject.org radar.cedexis.com *.cedexis-test.com www.gstatic.com/recaptcha/ 'unsafe-inline' 'unsafe-eval'; connect-src 'self' *.pinimg.com *.pinterest.com accounts.google.com *.branch.io *.facebook.com *.dropboxapi.com *.adyen.com *.adyenpayments.com cdn.ampproject.org *.cdn.ampproject.org pinterest-aberdeen.s3.amazonaws.com pinterest-anaheim.s3.amazonaws.com pinterest-media-upload.s3.amazonaws.com pinterest-poughkeepsie.s3.amazonaws.com pinterest-waterloo.s3.amazonaws.com pinterest-plymouth.s3.amazonaws.com *.cedexis.com *.cedexis-radar.net blob: *.appcues.com *.appcues.net wss://*.appcues.net *.bugsnag.com; media-src 'self' *.pinimg.com blob: data:; object-src 'self'; form-action 'self'; worker-src 'self' blob: https://www-pinterest-com.cdn.ampproject.org 'unsafe-inline'; base-uri 'none'; report-uri /_/_/csp_report/?rid=7620102330139617; frame-ancestors 'self'"", 'content-security-policy-report-only': ""frame-src 'self' *.google.com *.pinimg.com *.pinterest.com *.pinterdev.com *.facebook.com player.grabnetworks.com www.kickstarter.com staging.slideshare.com player.anyclip.com verify.vote.org movieclips.com scache.vevo.com *.adyen.com www.voteplz.org player.hulu.com www.crackle.com www.dailymotion.com cache.vevo.com www.slideshare.net crackle.com embed.5min.com embed.ted.com register.vote.org absentee.vote.org www.crunchyroll.com videoplayer.vevo.com w.soundcloud.com embed-ssl.ted.com *.youtube.com *.ytimg.com player.vimeo.com vine.co scache.vevo.com bid.g.doubleclick.net *.fls.doubleclick.net pinterest-waterloo.s3.amazonaws.com pinlogs.s3.amazonaws.com advertising-delivery-metric-reports.s3.amazonaws.com *.appcues.com; report-uri /_/_/csp_report/?reportonly"", 'x-frame-options': 'SAMEORIGIN', 'Content-Type': 'text/html; charset=utf-8', 'Trailer': 'x-pinterest-sli-streamed-response-type', 'x-envoy-upstream-service-time': '73', 'pinterest-generated-by': 'coreapp-webapp-prod-0a018b53', 'Content-Encoding': 'gzip', 'pinterest-version': '4afd487', 'x-pinterest-rid': '7620102330139617', 'Date': 'Wed, 02 Sep 2020 03:47:33 GMT', 'Transfer-Encoding': 'chunked', 'Connection': 'keep-alive, Transfer-Encoding', 'Set-Cookie': 'csrftoken=503d172c1d29b51edce23bc13e1b1d03; path=/; expires=Thu, 02 Sep 2021 03:47:33 GMT; secure, _pinterest_sess=TWc9PSZEb1ZyRXZ5UU9JYnhIRG9WYWNYdEZzY0R1aGxRbC9IR2FBdDFZZVdRK1dxUy9tYmhOSlFpNlRQWGQ1NHlRTitZN3pZYk9BOHZBRGRIMW9jb05mWHMxUWt5WnQ3YTRyTWNBU3VkVkt5R3I1ZklEQWQyRDA2cUFkdjV0V0FIUnZob1hxL2FXK1V6V0tNTC82Ui9mRUpDZzBRUnZQM1o0RG92YWl1dTZZbFJBNnZWak5HZUtjalc2cFB1bnF3RWNhZTQmaStQdi93SXZhc0JkcHRLSVR2aWtKcGVXWkk0PQ==; path=/; expires=Sat, 28 Aug 2021 03:47:33 GMT; domain=.pinterest.com; samesite=None; secure; httponly, _auth=0; path=/; expires=Sat, 28 Aug 2021 03:47:33 GMT; domain=.pinterest.com; secure; httponly, _routing_id=""d7b6aa85-8041-4594-a9b5-86d3cb265f26""; Max-Age=86400; Path=/; HttpOnly', 'X-CDN': 'akamai', 'Strict-Transport-Security': 'max-age=31536000 ; includeSubDomains ; preload'}","['https://apis.google.com/_/scs/apps-static/_/js/k=oz.gapi.en_US.hc3rLxj9u8o.O/m=client/rt=j/sv=1/d=1/ed=1/am=wQE/rs=AGLTcCMtAagp6kGxB19Nep_bTJunj37kww/cb=gapi.loaded_0', 'https://connect.facebook.net/en_US/sdk.js?hash=9c6650e190217ff722c4bd0ff7375444&ua=modern_es6', 'https://apis.google.com/js/client:platform.js', 'https://connect.facebook.net/en_US/sdk.js', 'https://www.gstatic.com/recaptcha/releases/QVh-Tz10ahidjrORgXOS1oB0/recaptcha__en.js', 'https://www.google.com/recaptcha/enterprise.js?onload=onloadRecaptchaJsCallback&render=6Ldx7ZkUAAAAAF3SZ05DRL2Kdh911tCa3qFP0-0r', 'https://s.pinimg.com/webapp/js/runtime-0729a31b1a710d3a0bea.js', 'https://s.pinimg.com/webapp/js/runtime-3932e22b7898db415cb2.mjs', 'https://s.pinimg.com/webapp/js/bugsnag-7f81b4fffe3d2ba91458.js', 'https://s.pinimg.com/webapp/js/bugsnag-fef97342be8d6fc4085f.mjs', 'https://s.pinimg.com/webapp/js/polyfills-260aa75210c4714c7aa8.js', 'https://s.pinimg.com/webapp/js/polyfills-d83305677bca88b48aef.mjs', 'https://s.pinimg.com/webapp/js/UnauthHome-74c97a60aad59ed0d47d.js', 'https://s.pinimg.com/webapp/js/UnauthHome-6996dd56e9988b779acc.mjs', 'https://s.pinimg.com/webapp/js/locale-en_US-lite-a3b4586b0c244c5fe9eb.js', 'https://s.pinimg.com/webapp/js/locale-en_US-lite-ef191d0dc0f8e2e91542.mjs', 'https://s.pinimg.com/webapp/js/vendor-react-ba2853ab03bd239009a3.js', 'https://s.pinimg.com/webapp/js/107-f3c7101257f40a4dd790.js', 'https://s.pinimg.com/webapp/js/138-eeb1bd9319961e8ba083.js', 'https://s.pinimg.com/webapp/js/144-fae696569659681c9809.js', 'https://s.pinimg.com/webapp/js/166-afb2ebbcfafab968e65b.js', 'https://s.pinimg.com/webapp/js/210-cbbce747da9e65f6063c.js', 'https://s.pinimg.com/webapp/js/43-bd5771ade39667f23a44.js', 'https://s.pinimg.com/webapp/js/99-29858ab0a9cbc003f5e4.js', 'https://s.pinimg.com/webapp/js/101-d10904318f2cf5464a68.js', 'https://s.pinimg.com/webapp/js/entryChunk-www-unauth-1bf0d099796c6e687e48.js', 'https://s.pinimg.com/webapp/js/vendor-react-0980844be067d67b1616.mjs', 'https://s.pinimg.com/webapp/js/102-7f8ecc3f7e6e7198af96.mjs', 'https://s.pinimg.com/webapp/js/137-4988b7b1b1daaac3f916.mjs', 'https://s.pinimg.com/webapp/js/145-0c92143826af35fd7ac9.mjs', 'https://s.pinimg.com/webapp/js/162-47e23d26c00fc1f113ea.mjs', 'https://s.pinimg.com/webapp/js/201-7d87f107c13ba46174f2.mjs', 'https://s.pinimg.com/webapp/js/40-37f3aa208dad50b3c864.mjs', 'https://s.pinimg.com/webapp/js/139-ffc85b3612227d099db0.mjs', 'https://s.pinimg.com/webapp/js/144-9c385043bfd414858729.mjs', 'https://s.pinimg.com/webapp/js/entryChunk-www-unauth-6e627f54cbe5238e1b39.mjs', 'https://s.pinimg.com/webapp/js/AutologinUtilCommon-e49ce4ebb1d99e23e7d6.mjs', 'https://s.pinimg.com/webapp/js/500-d02999d6ee26f74ee8b3.mjs']",38
https://businessinsider.com,"{'Connection': 'keep-alive', 'Content-Length': '56038', 'Content-Type': 'text/html; charset=utf-8', 'X-Powered-By': 'Fenrir', 'Last-Modified': 'Wed, 02 Sep 2020 03:48:06 GMT', 'Cache-Control': 'public, max-age=120', 'X-Frame-Options': 'sameorigin', 'Access-Control-Allow-Headers': 'Origin, X-Requested-With, Content-Type, Accept', 'Link': '</styles/landing-page.6b15938bad6cda407ec2.css>; rel=preload; as=style; nopush, </scripts/main.75df706a89629be4341b.js>; rel=preload; as=script; nopush,  </chunks/scripts/vendors.650a2e289532d29ac8fc.js>; rel=preload; as=script; nopush,  </chunks/scripts/utilities.4f068bb77457255ea0e6.js>; rel=preload; as=script; nopush', 'ETag': 'W/""628ef-M/99EsZZsBSahpUe0HvC23OxpWU""', 'X-backend-name': 'tyr', 'Content-Encoding': 'gzip', 'Via': '1.1 varnish, 1.1 varnish', 'X-Country-Code': 'PR', 'Accept-Ranges': 'bytes', 'Date': 'Wed, 02 Sep 2020 03:48:06 GMT', 'Age': '0', 'X-Served-By': 'cache-bwi5149-BWI, cache-mia17648-MIA', 'X-Cache': 'MISS, MISS', 'X-Cache-Hits': '0, 0', 'X-Timer': 'S1599018486.457656,VS0,VE288', 'Vary': 'Accept-Encoding, Fastly-SSL, X-Device, X-Continent-Code, Fastly-Debug, X-Piano-Disabled, X-Valid-User, X-ABTest-retention-flow-summer-offer, X-ABTest-back-to-top, X-ABTest-back-to-top-desktop, X-ABTest-growth-relatedarticle-thumbnail, X-ABTest-opt2-scroll-velocity-slideshow, X-ABTest-personalized-verticals, X-ABTest-sticky-toc', 'Strict-Transport-Security': 'max-age=31536000'}","['https://cdn.cxense.com/cx.cce.js', '//static.ads-twitter.com/uwt.js', 'https://cdn-gl.imrworldwide.com/conf/PF0863AE4-16F7-453B-A349-CA13E26ED811.js#name=nlsnInstance&ns=NOLBUNDLE', '//ml314.com/tag.aspx?182020', 'https://connect.facebook.net/en_US/fbevents.js', 'https://cdn.taboola.com/libtrc/unip/1319960/tfa.js', 'https://amplify.outbrain.com/cp/obtp.js', 'https://snap.licdn.com/li.lms-analytics/insight.min.js', 'https://www.google-analytics.com/analytics.js', 'https://onesignal.com/api/v1/sync/25c4709f-5af5-43d0-ad8c-3eab89d2a521/web?callback=__jp0', 'https://sb.scorecardresearch.com/beacon.js', '//confiant-integrations.global.ssl.fastly.net/prebid/202008071611/wrap.js', '//confiant-integrations.global.ssl.fastly.net/gpt/202008071611/wrap.js', '//www.googletagservices.com/tag/js/gpt.js', 'https://www.googletagmanager.com/gtm.js?id=GTM-NS64GV', '//cdn.tinypass.com/api/tinypass.min.js', '//c.amazon-adsystem.com/aax2/apstag.js', '//static.adsafeprotected.com/vans-adapter-google-ima.js', '//cdn.adsafeprotected.com/iasPET.1.js', 'https://cdn.speedcurve.com/js/lux.js?id=38383524', 'https://ccpa.sp-prod.net/ccpa.js', 'https://confiant-integrations.global.ssl.fastly.net/cdnm50QDU6s2lq_RrjTCOPkh-uY/gpt_and_prebid/config.js', 'https://cdn.permutive.com/3aba5292-ba75-422b-8715-bd21146f7836-web.js', '//www.npttech.com/advertising.js', 'https://d8rk54i4mohrb.cloudfront.net/js/reach.js', '/chunks/scripts/components~most-popular-story-indicator-client.055d9149a31ad5298f6b.js', '/chunks/scripts/components~vendor-taboola-client.263a294c80cb99f488ad.js', 'https://cdn.onesignal.com/sdks/OneSignalPageSDKES6.js?v=151102', '/chunks/scripts/components~account-icon-client.d1cd34cf84b2df657bb8.js', '/chunks/scripts/components~drawer-client.12d595edc9438683c937.js', '/chunks/scripts/components~live-updates-client.2906a11d4ba4eb2fb6a5.js', '/chunks/scripts/piano.5c961be89b66902ed4d7.js', '/chunks/scripts/mi.80b3634ed0edfd939087.js', 'https://cdn.taboola.com/libtrc/businessinsider/loader.js', 'https://securepubads.g.doubleclick.net/gpt/pubads_impl_2020090101.js?21067373', 'https://code.jquery.com/jquery-3.3.1.min.js', 'https://cdn.rebel.ai/passport/js/1776.js', 'https://cdn.onesignal.com/sdks/OneSignalSDK.js', 'https://static.scroll.com/js/scroll.js', '/chunks/scripts/utilities.4f068bb77457255ea0e6.js', '/chunks/scripts/vendors.650a2e289532d29ac8fc.js', '/scripts/main.75df706a89629be4341b.js', '//s.skimresources.com/js/35871X943606.skimlinks.js', 'https://ak.sail-horizon.com/spm/spm.v1.min.js']",44
https://fedex.com,"{'Server': 'Apache/2.4', 'X-Frame-Options': 'SAMEORIGIN', 'Last-Modified': 'Tue, 01 Sep 2020 13:05:58 GMT', 'Accept-Ranges': 'bytes', 'Content-Type': 'text/html', 'Vary': 'Accept-Encoding', 'Content-Encoding': 'gzip', 'X-Akamai-Transformed': '9 - 0 pmb=mTOE,1', 'Date': 'Wed, 02 Sep 2020 03:49:06 GMT', 'Content-Length': '9457', 'Connection': 'keep-alive', 'Set-Cookie': 'siteDC=edc; path=/; domain=.fedex.com; expires=Thu, 03-Sep-2020 03:49:05 GMT; secure, xacc=PR; path=/; domain=fedex.com; expires=Wed, 02-Sep-2020 04:49:05 GMT, fdx_cbid=30707895801599018545743010380461; path=/; expires=Tue, 28-Aug-40 03:49:05 GMT; domain=.fedex.com, isTablet=false; path=/; domain=fedex.com; secure; HttpOnly, isMobile=false; path=/; domain=fedex.com; secure; HttpOnly, isWireless=false; path=/; domain=fedex.com; secure; HttpOnly, level=test; path=/; domain=fedex.com; secure; HttpOnly, aemserver=Prod-c0015885.prod.cloud.fedex.com; path=/; domain=fedex.com; secure; HttpOnly, Rbt=f1; path=/'}","['https://smetrics.fedex.com/b/ss/fedexglbl,fedexus/10/JS-2.17.0-LAUN/s76905315310759?AQB=1&ndh=1&pf=1&callback=s_c_il[1].doPostbacks&et=1&t=1%2F8%2F2020%2023%3A49%3A0%202%20240&d.&nsid=0&jsonv=1&.d&sdid=11BCB80ABA0BC093-5BF9809B653D2DD7&mid=91542947453979202942871494429200975207&aamlh=7&ce=UTF-8&pageName=fedex%2F&g=https%3A%2F%2Fwww.fedex.com%2Fglobal%2Fchoose-location.html&cc=USD&aamb=RKhpRz8krg2tLO6pguXWp5olkAcUniQYPHaMWWgdJ3xzPWQmdj0y&c2=global_home&c3=ch&c4=D%3Dv4&v4=Logged%20Out&c5=us&c7=10%3A30PM%7CTuesday&v7=10%3A30PM%7CTuesday&v13=30707895801599018537753460395811&v30=largeViewPort&c31=91542947453979202942871494429200975207&c32=PLATFORM_NONE&c33=productpage&c35=D%3DAccept-Language&c38=D%3Dv38&v38=D%3DpageName&v40=D%3Devents&v41=1&c43=D%3Dv43&v43=P%3Afedex%2F&c46=D%3DpageName&v46=D%3DpageName&c48=AM.2.17.0_3.0.40_08252020.02&c50=fedexglbl%2Cfedexus&v50=www.fedex.com%2Fglobal%2Fchoose-location.html&c52=2020-9-1&v52=2020-9-1&v53=%2B1&c58=D%3Dv58&v63=nc&c67=D%3Dv30&c75=Mozilla%2F5.0%20%28Windows%20NT%2010.0%3B%20Win64%3B%20x64%29%20AppleWebKit%2F537.36%20%28KHTML%2C%20like%20Gecko%29%20Chrome%2F85.0.4183.83%20Safari%2F537.36&s=1600x900&c=24&j=1.6&v=N&k=Y&bw=1034&bh=708&mcorgid=1E22171B520E93BF0A490D44%40AdobeOrg&AQE=1', 'https://www.googleadservices.com/pagead/conversion_async.js', 'https://www.googletagmanager.com/gtag/js?id=AW-863238793&l=dataLayer&cx=c', 'https://fls.doubleclick.net/json?spot=4191263&src=&var=s_4_Integrate_DFA_get_0&host=integrate.112.2o7.net%2Fdfa_echo%3Fvar%3Ds_4_Integrate_DFA_get_0%26AQE%3D1%26A2S%3D1&ord=9886068920495', 'https://www.fedex.com/etc.clientlibs/clientlibs/granite/jquery.min.1494c0abbe501301e2ab9daecc6082a8.js', 'https://www.fedex.com/etc.clientlibs/clientlibs/fedex/secureCheck.min.08a76e16c8e88938b3db6aa87d731e4c.js', '/mags/shipping-routing/shipping-routing.min.js', '//assets.adobedtm.com/launch-EN3932511771fb4e5e9dd852ae89372b59.min.js', 'https://www.fedex.com/akam/11/58b0ebe8', 'https://assets.adobedtm.com/686b8f0c4520/4ce401c51b51/04e47e2aa029/EX95e00b2b36e14457a3e0b674d1e43d07-libraryCode_source.min.js', 'https://www.googletagmanager.com/gtag/js?id=DC-4191263', 'https://assets.adobedtm.com/686b8f0c4520/4ce401c51b51/04e47e2aa029/RCd5794ebadea64668a54c82a944998eb2-source.min.js', 'https://googleads.g.doubleclick.net/pagead/viewthroughconversion/863238793/?random=1599018540805&cv=9&fst=1599018540805&num=1&bg=ffffff&guid=ON&resp=GooglemKTybQhCsO&eid=376635471&u_h=900&u_w=1600&u_ah=860&u_aw=1600&u_cd=24&u_his=2&u_tz=-240&u_java=false&u_nplug=3&u_nmime=4&gtm=2oa8j2&sendb=1&ig=1&data=event%3Dgtag.config&frm=0&url=https%3A%2F%2Fwww.fedex.com%2Fglobal%2Fchoose-location.html&tiba=FedEx%20Global%20Home%20-%20Select%20Your%20Location&hn=www.googleadservices.com&async=1&rfmt=3&fmt=4', 'https://maps.googleapis.com/maps-api-v3/api/js/42/2/common.js', 'https://maps.googleapis.com/maps-api-v3/api/js/42/2/util.js', 'https://maps.googleapis.com/maps/api/js/AuthenticationService.Authenticate?1shttps%3A%2F%2Fwww.fedex.com%2Fglobal%2Fchoose-location.html&4sAIzaSyCXnfQqXgvHS3mK9LlEadloKb_vaxIEudM&callback=_xdc_._2lha47&key=AIzaSyCXnfQqXgvHS3mK9LlEadloKb_vaxIEudM&token=37609', 'https://www.fedex.com/etc/clientlibs/fedex/common/libs/lodashjs/lodash.min.js', 'https://www.fedex.com/etc.clientlibs/clientlibs/fedex/page/productpage.min.22b93c3d8d41c6609ba4edb5b9f6494f.js', 'https://maps.googleapis.com/maps/api/js?key=AIzaSyCXnfQqXgvHS3mK9LlEadloKb_vaxIEudM&libraries=places&callback=FDX.INPUT.gmInitAutoComplete', '/assets/c9b7b971ui259810c3d45eb68e24ed']",20
https://vimeo.com,"{'Connection': 'keep-alive', 'Content-Length': '8103', 'Server': 'nginx', 'Content-Type': 'text/html; charset=UTF-8', 'Expires': 'Tue, 01 Sep 2020 15:49:40 GMT', 'P3P': 'CP=""IDC DSP COR ADM DEVi TAIi PSA PSD IVAi IVDi CONi HIS OUR IND CNT""', 'X-UA-Compatible': 'IE=edge', 'X-XSS-Protection': '1; mode=block', 'X-Content-Type-Options': 'nosniff', 'X-Frame-Options': 'sameorigin', 'Strict-Transport-Security': 'max-age=31536000; includeSubDomains; preload', 'Content-Security-Policy-Report-Only': ""default-src https: data: blob: wss: 'unsafe-inline' 'unsafe-eval'; report-uri /_csp"", 'Content-Encoding': 'gzip', 'X-BApp-Server': 'pweb-v2624-8nw5f', 'Via': '1.1 varnish, 1.1 varnish, 1.1 varnish', 'Cache-Control': 'no-store, no-cache, must-revalidate, post-check=0, pre-check=0', 'X-Varnish-Cache': '0', 'X-VServer': 'infra-webproxy-a-16', 'X-Vimeo-DC': 'ge', 'Accept-Ranges': 'bytes', 'Date': 'Wed, 02 Sep 2020 03:49:40 GMT', 'Age': '0', 'X-Served-By': 'cache-bwi5125-BWI, cache-mia17636-MIA', 'X-Cache': 'MISS, MISS', 'X-Cache-Hits': '0, 0', 'X-Timer': 'S1599018581.555942,VS0,VE176', 'Vary': 'User-Agent,Accept-Encoding'}","['https://rules.quantcount.com/rules-p-Tx6XHrG_zs1Vy.js', 'https://script.crazyegg.com/pages/versioned/common-scripts/11.1.93.js', 'https://www.google-analytics.com/plugins/ua/ec.js', '//static.simonsignal.com/simon-vim-min.js', 'https://secure.quantserve.com/quant.js', 'https://connect.facebook.net/signals/config/1472749159700779?v=2.9.24&r=stable', 'https://connect.facebook.net/en_US/fbevents.js', 'https://script.crazyegg.com/pages/scripts/0014/1514.js?444172', 'https://static.ads-twitter.com/uwt.js', 'https://snap.licdn.com/li.lms-analytics/insight.min.js', '//bat.bing.com/bat.js', '//www.googleadservices.com/pagead/conversion_async.js', 'https://www.google-analytics.com/analytics.js', 'https://f.vimeocdn.com/p/3.22.0/js/player.js', 'https://www.googletagservices.com/tag/js/gpt.js', '//www.googletagmanager.com/gtm.js?id=GTM-RBKK&l=_gtm', 'https://f.vimeocdn.com/js_opt/logging_combined.min.js?4ee1dcd8', 'https://f.vimeocdn.com/js_opt/ablincoln_combined.min.js?388cfb8d', 'https://securepubads.g.doubleclick.net/gpt/pubads_impl_2020082701.js', 'https://googleads.g.doubleclick.net/pagead/viewthroughconversion/993702637/?random=1599018576676&cv=9&fst=1599018576676&num=1&guid=ON&resp=GooglemKTybQhCsO&u_h=900&u_w=1600&u_ah=860&u_aw=1600&u_cd=24&u_his=2&u_tz=-240&u_java=false&u_nplug=3&u_nmime=4&gtm=2wg8j2&sendb=1&ig=1&data=cookieFlags%3Dsamesite%5C%3Dnone%5C%3Bsecure&frm=0&url=https%3A%2F%2Fvimeo.com%2F&tiba=Vimeo%20%7C%20The%20world%E2%80%99s%20leading%20professional%20video%20platform&hn=www.googleadservices.com&async=1&rfmt=3&fmt=4', 'https://f.vimeocdn.com/js_opt/global/player_manager.min.js?9b637667', 'https://f.vimeocdn.com/js_opt/react_prod_combined.min.js?f57646b3', 'https://f.vimeocdn.com/js_opt/vendor/polyfills/object.assign.min.js?4fb7337f', 'https://f.vimeocdn.com/js_opt/vendor/fetch/fetch.min.js?4c2b7076', 'https://f.vimeocdn.com/js_opt/_bundles/lohp.bundle.min.js?4b201ec9', 'https://f.vimeocdn.com/js_opt/vendor/polyfills/closest.min.js?626a6074', 'https://f.vimeocdn.com/js_opt/_bundles/create_facebook_header.bundle.min.js?954c4600', 'https://f.vimeocdn.com/js_opt/_bundles/modal.bundle.min.js?34b45934']",28
https://cnbc.com,"{'Content-Type': 'text/html; charset=utf-8', 'X-Request-Id': 'eecefa71-fe69-47af-9c6f-358ef6fc8747', 'Access-Control-Allow-Origin': '*', 'X-Aicache-OS': 'xx.54.0.43:80, xx.xxx.250.31:80', 'Content-Length': '153731', 'Content-Encoding': 'gzip', 'Cache-Control': 'max-age=20', 'Expires': 'Wed, 02 Sep 2020 03:51:49 GMT', 'Date': 'Wed, 02 Sep 2020 03:51:29 GMT', 'Connection': 'keep-alive', 'Vary': 'Accept-Encoding, User-Agent', 'Set-Cookie': 'region=USA; expires=Tue, 01-Dec-2020 03:51:29 GMT; path=/; domain=.cnbc.com, akaas_CNBC_Audience_Segmentation=1601610689~rv=57~id=c6fa8e3582296a884c6f153fe69acdcd; path=/; Expires=Fri, 02 Oct 2020 03:51:29 GMT; Domain=.www.cnbc.com; Secure; SameSite=None', 'Content-Security-Policy': ""frame-ancestors 'self' *.cnbc.com *.acorns.com;""}","['//static.ads-twitter.com/uwt.js', 'https://connect.facebook.net/en_US/fbevents.js', 'https://acidpigs.com/v2/0/cfgPonIZy0vzBw2WwDUYHDKQ6jLZ5cQibbFroY_JQFu4xDnvmXqd8OEvwhd_5aVLhuUfg', 'https://fm.cnbc.com/applications/cnbc.com/resources/files/2020/03/28/VisitorAPI.js', '//c.amazon-adsystem.com/aax2/apstag.js', 'https://www.googletagservices.com/tag/js/gpt.js', '//cdn.tinypass.com/api/tinypass.min.js', 'https://dashboard.tinypass.com/xbuilder/experience/load?aid=o19WonOrHQ', '//mps.cnbc.com/fetch/ext/load-cnbc-web.js?nowrite=2', 'https://ds-aksb-a.akamaihd.net/aksb.min.js', 'https://static-redesign.cnbcfm.com/dist/303-1e2ce2e259c947bb7214.js', 'https://static-redesign.cnbcfm.com/dist/components-PcmModule-Ads-BoxInline-fcfbccddfd8f8a572ad7.js', 'https://static-redesign.cnbcfm.com/dist/components-PcmModule-Ads-BoxRail-3fa1a0c7cf1499d61434.js', 'https://js-sec.indexww.com/ht/p/185796-151042474895997.js', '//ad.wsod.com/pub/17c6cdfa9240e3ca5f6e9dd2ef3d0441/0.0.async/', 'https://ad.wsod.com/pub/17c6cdfa9240e3ca5f6e9dd2ef3d0441/0.0.async/', 'https://usasync01.admantx.com/admantx/service?request=%7B%22decorator%22%3A%22template.nbc_template%22%2C%22key%22%3A%2262263fff3cc1d07f85c7f8261a0c8f7dc096b35f59c82a713f20a9db8d562ff2%22%2C%22method%22%3A%22descriptor%22%2C%22filter%22%3A%22default%22%2C%22mode%22%3A%22async%22%2C%22type%22%3A%22URL%22%2C%22body%22%3A%22https%3A%2F%2Fwww.cnbc.com%2F%22%7D', 'https://tag.bounceexchange.com/1021/i.js', 'https://mps.nbcuni.com/request/component/automagic?name=eu.js', 'https://fm.cnbc.com/applications/cnbc.com/resources/files/2020/04/27/AppMeasurement.js?v=1.0', 'https://www.googletagmanager.com/gtag/js?id=AW-724202735', 'https://static-redesign.cnbcfm.com/dist/267-4cc171755d2f5400a7a2.js', 'https://sb.scorecardresearch.com/beacon.js', '//fm.cnbc.com/applications/cnbc.com/resources/search/cnbc-queryly-search-2020_R02.js', 'https://surf.nbcuni.com/rdk/surf.js.php', 'https://static-redesign.cnbcfm.com/dist/main-218d1020ad6d3930d976.js', 'https://static-redesign.cnbcfm.com/dist/vendors~containers-App-1b5230ee0916fd0e572a.js', 'https://static-redesign.cnbcfm.com/dist/containers-App~containers-StandAloneComponentApp-74d017207e76b87e81fb.js', 'https://static-redesign.cnbcfm.com/dist/containers-App-8c86f4c498f72983e1db.js', 'https://static-redesign.cnbcfm.com/dist/vendors~containers-AccountPage~containers-GlobalHeaderContainer~containers-HalfHalfBreakerContainerC~ec700d97-e7095145d6e2b50be6c6.js', 'https://static-redesign.cnbcfm.com/dist/vendors~containers-AccountPage~containers-GlobalHeaderContainer~containers-Navigator~containers-Quot~38a75c2a-3dcb7d010c4fee133434.js', 'https://static-redesign.cnbcfm.com/dist/containers-AccountPage~containers-GlobalHeaderContainer~containers-Navigator~containers-QuotePage~co~bc3910da-3acde4cc330c3df190e2.js', 'https://static-redesign.cnbcfm.com/dist/containers-AccountPage~containers-GlobalFooterContainer~containers-Navigator~containers-QuotePage~co~686a6c8b-7559a58768ebe95d5052.js', 'https://static-redesign.cnbcfm.com/dist/containers-Navigator-6e7c2de7ffa8c1bcd19b.js', 'https://static-redesign.cnbcfm.com/dist/components-PcmModule-MarketsBanner-6e3a12f68e3df21c48df.js', 'https://static-redesign.cnbcfm.com/dist/components-PcmModule-Ads-TopBanner-d9e6d42a7f94691e8af9.js', 'https://static-redesign.cnbcfm.com/dist/components-PcmModule-QuickLinks-324d9d0156e95836b01b.js', 'https://static-redesign.cnbcfm.com/dist/components-shared-ProLiveTVWithSelections-f573bc28822ae0a94998.js', 'https://static-redesign.cnbcfm.com/dist/components-PcmModule-LegacyPlayerContainer-eca613b99e58a647b974.js', 'https://static-redesign.cnbcfm.com/dist/components-PcmModule-FeaturedNewsHero-f1d2fa7c25e15d005d03.js', 'https://static-redesign.cnbcfm.com/dist/components-PcmModule-LiveAudioVideoBanner-4ecac498b0af7bcd2427.js', 'https://static-redesign.cnbcfm.com/dist/components-PcmModule-LatestNews-683042029c3a77db92a0.js', 'https://static-redesign.cnbcfm.com/dist/components-PcmModule-QuoteFinder-102625b867d4b1df7121.js', 'https://static-redesign.cnbcfm.com/dist/components-PcmModule-MarketMoversPlus-cbc193c0777b4c661924.js', 'https://static-redesign.cnbcfm.com/dist/components-PcmModule-RiverPlus-966dcffb2e143e6fddce.js', 'https://static-redesign.cnbcfm.com/dist/components-PcmModule-MarketNewsTables~components-PcmModule-MarketsModule~components-PcmModule-Market~cb617251-bb5ca98c94e657e5655e.js', 'https://static-redesign.cnbcfm.com/dist/components-PcmModule-MarketsModule-1f2a5e8892a12bb74696.js', 'https://static-redesign.cnbcfm.com/dist/components-PcmModule-MarketNewsTables~components-PcmModule-River~components-shared-Card-08f18199762dc027ebe0.js', 'https://static-redesign.cnbcfm.com/dist/components-shared-Card-6ab0bc7483d5772ea926.js', 'https://static-redesign.cnbcfm.com/dist/vendors~components-PcmModule-Breakers-ForYouBreaker~components-PcmModule-FeaturedStories~components-~85f631e6-b04931b3dbf4edf59515.js', 'https://static-redesign.cnbcfm.com/dist/components-PcmModule-Breakers-ForYouBreaker~components-PcmModule-SelectTopicTown~components-PcmModul~ebbf57f7-2ad6744da31e674a0aae.js', 'https://static-redesign.cnbcfm.com/dist/components-PcmModule-VideoBreakerFeatured-8d182f6f52f9d2e85d9e.js', 'https://static-redesign.cnbcfm.com/dist/components-PcmModule-Breakers-FeaturedBreaker-02aa3c95439507e80dde.js', 'https://static-redesign.cnbcfm.com/dist/components-PcmModule-TrendingNowBreaker-bfa4a054566557513fa5.js', '//mps.nbcuni.com/request/component/automagic?name=eu.js', 'https://www.googletagmanager.com/gtag/js?id=AW-724202735', 'https://d1z2jf7jlzjs58.cloudfront.net/p.js', 'https://ak.sail-horizon.com/spm/spm.v1.min.js']",58
https://intuit.com,"{'Server': 'Apache', 'Content-Type': 'text/html; charset=UTF-8', 'ETag': '""71-5ab2457217332-gzip""', 'X-Frame-Options': 'SAMEORIGIN', 'Vary': 'Accept-Encoding', 'Content-Encoding': 'gzip', 'Expires': 'Wed, 02 Sep 2020 03:52:08 GMT', 'Cache-Control': 'max-age=0, no-cache', 'Pragma': 'no-cache', 'Date': 'Wed, 02 Sep 2020 03:52:08 GMT', 'Transfer-Encoding': 'chunked', 'Connection': 'keep-alive, Transfer-Encoding'}","['https://www.googleadservices.com/pagead/conversion_async.js', 'https://www.googletagmanager.com/gtag/js?id=AW-710954691&l=dataLayer&cx=c', '//www.intuit.com/etc/designs/websdk/assets/sbm-config.js', 'https://cdn.appdynamics.com/adrum-ext.99c2fcc5ccc30ea4d38a1a74eeb7a6a6.js', '//cdn.decibelinsight.net/i/13878/256560/di.js', 'https://connect.facebook.net/signals/config/1827482914219447?v=2.9.24&r=stable', 'https://connect.facebook.net/en_US/fbevents.js', '//www.googletagmanager.com/gtag/js?id=AW-710954691', '//www.googletagmanager.com/gtag/js?id=DC-8344993', '//cdn.websdk.intuit.com/js/cdc_lib_min_1.10.12.js', '//snap.licdn.com/li.lms-analytics/insight.min.js', '//static.ads-twitter.com/uwt.js', '//uxfabric.intuitcdn.net/gdpr-widget/1.0.13/ccpa-widget-en.js', 'https://nexus.ensighten.com/intuit/us_sbg_prod/code/55dbee81ffc5fe108107137a2448ef08.js?conditionId0=422800', 'https://nexus.ensighten.com/intuit/us_sbg_prod/code/cef4d4683cd7a4bb4827ed40d782b1a2.js?conditionId0=4835081', 'https://nexus.ensighten.com/intuit/us_sbg_prod/code/aa19574f47b589500f5e602ad5061cdd.js?conditionId0=365238', 'https://nexus.ensighten.com/intuit/us_sbg_prod/code/f1d3dd19f47a29bd5e404bbe4bc73c89.js?conditionId0=1217320', 'https://nexus.ensighten.com/intuit/us_sbg_prod/code/eed603da0e60c943f74b15a7d6aae41c.js?conditionId0=244919', 'https://nexus.ensighten.com/intuit/us_sbg_prod/code/fdc2b659c99428f4330d4325bdd9e159.js?conditionId0=4884820', 'https://nexus.ensighten.com/intuit/us_sbg_prod/code/d3a1ccf795919709f699fba2c798deaf.js?conditionId0=422800', 'https://nexus.ensighten.com/intuit/us_sbg_prod/serverComponent.php?r=807553.5658967374&namespace=Bootstrapper&staticJsPath=nexus.ensighten.com/intuit/us_sbg_prod/code/&publishedOn=Tue Sep 01 16:20:31 GMT 2020&ClientID=203&PageID=https%3A%2F%2Fwww.intuit.com%2F', '//uxfabric.intuitcdn.net/gdpr-util/1.1.2/gdprUtilBundle.js', '//www.intuit.com/intuit/us_sbg_prod/Bootstrap.js', '//cdn.optimizely.com/js/10685141500.js', 'https://googleads.g.doubleclick.net/pagead/viewthroughconversion/710954691/?random=1599018725499&cv=9&fst=1599018725499&num=1&bg=ffffff&guid=ON&resp=GooglemKTybQhCsO&u_h=900&u_w=1600&u_ah=860&u_aw=1600&u_cd=24&u_his=2&u_tz=-240&u_java=false&u_nplug=3&u_nmime=4&gtm=2oa8j2&sendb=1&ig=1&data=event%3Dgtag.config&frm=0&url=https%3A%2F%2Fwww.intuit.com%2F&tiba=Intuit%C2%AE%3A%20Powering%20Prosperity&hn=www.googleadservices.com&async=1&rfmt=3&fmt=4', '/wp-content/plugins/vc_intuit_com/asset/common.js', '/wp-content/plugins/vc_intuit_com/asset/bundle.js', '/wp-content/themes/platinum/resources/assets/lib/jquery.min.js', '/wp-content/themes/platinum/resources/assets/dist/adrum.js', 'https://analytics.twitter.com/i/adsct?type=javascript&version=1.1.0&p_id=Twitter&p_user_id=0&txn_id=o34yb&events=%5B%5B%22pageview%22%2Cnull%5D%5D&tw_sale_amount=0&tw_order_quantity=0&tw_iframe_status=0&tpx_cb=twttr.conversion.loadPixels&tw_document_href=https%3A%2F%2Fwww.intuit.com%2F']",30
https://tumblr.com,"{'Content-Encoding': 'gzip', 'Content-Security-Policy': ""script-src 'self' https://assets.tumblr.com https://sb.scorecardresearch.com/beacon.js https://ssl.google-analytics.com/ga.js https://www.google-analytics.com/analytics.js https://fc.yahoo.com/sdarla/php/client.php https://s.yimg.com/rq/darla/ https://www.googletagservices.com/tag/js/gpt.js https://securepubads.g.doubleclick.net/gpt/ https://securepubads.g.doubleclick.net/gampad/ads https://pagead2.googlesyndication.com/pagead/osd.js https://www.google.com/recaptcha/api.js https://consent.cmp.oath.com https://*.gemini.yahoo.com https://s.yimg.com/av/gemini/ga/gemini-iframe.js https://s.yimg.com/av/curveball/ https://*.quantserve.com https://*.quantcount.com https://quantcast.mgr.consensu.org 'unsafe-eval' 'nonce-mzVTRPASQRlw0J79JeNXMsSQc' https://www.google.com/recaptcha/api.js https://www.gstatic.com; object-src 'none'; worker-src blob:; base-uri 'self';"", 'Content-Type': 'text/html; charset=UTF-8', 'Date': 'Wed, 02 Sep 2020 03:52:51 GMT', 'P3p': 'CP=""Tumblr\'s privacy policy is available here: https://www.tumblr.com/policy/en/privacy""', 'Referrer-Policy': 'origin-when-cross-origin', 'Server': 'openresty', 'Set-Cookie': 'tmgioct=5f4f17132624b90550386620; Expires=Sat, 31-Aug-2030 03:52:51 GMT+0000; Max-Age=315360000; path=/; domain=.tumblr.com; HttpOnly', 'Strict-Transport-Security': 'max-age=31536000; preload', 'Vary': 'Accept-Encoding, Accept-Encoding', 'X-Content-Type-Options': 'nosniff', 'X-Frame-Options': 'deny', 'X-Rid': '887448624383891845014598099413181609038', 'X-UA-Compatible': 'IE=Edge,chrome=1', 'X-Xss-Protection': '1; mode=block', 'Transfer-Encoding': 'chunked'}","['https://sb.scorecardresearch.com/beacon.js', 'https://assets.tumblr.com/client/prod/app/header.build.js?_v=03da047fdd1aada1815ae5d28b841e2e', 'https://assets.tumblr.com/languages/strings/en_US.js?1343', 'https://assets.tumblr.com/assets/scripts/tumblr/utils/exceptions.js?_v=45347cc9cdb76e3c2b754e6bb06e8e20', 'https://consent.cmp.oath.com/cmpStub.min.js', 'https://consent.cmp.oath.com/cmp3p.js', 'https://assets.tumblr.com/client/prod/app/vendor.build.js?_v=92bf4228ebdfcbd8de1bdbda9a526aa3', 'https://assets.tumblr.com/client/prod/app/global.build.js?_v=ff5fc815f7fa9d9601fcea793c909811', 'https://assets.tumblr.com/client/prod/app/context/loginandregister/index.build.js?_v=4cc09c6d80d649d9753a1aa6bcaacabf', 'https://assets.tumblr.com/assets/scripts/dashboard.js?_v=f2490d134a5370cb7b8df05547ce0e45', 'https://assets.tumblr.com/assets/scripts/tumblr/utils/popover.js?_v=c9e52da690ab5cf3a694a9e041925f17', 'https://assets.tumblr.com/assets/scripts/registration/registration.js?_v=72a1e8633b0929b1fb0f48ecef5eaeed']",12
https://github.com,"{'server': 'GitHub.com', 'date': 'Wed, 02 Sep 2020 03:53:28 GMT', 'content-type': 'text/html; charset=utf-8', 'status': '200 OK', 'vary': 'X-PJAX, Accept-Encoding, Accept, X-Requested-With', 'etag': 'W/""1f6503b5d8c19ea631aad82cfcd51b53""', 'cache-control': 'max-age=0, private, must-revalidate', 'strict-transport-security': 'max-age=31536000; includeSubdomains; preload', 'x-frame-options': 'deny', 'x-content-type-options': 'nosniff', 'x-xss-protection': '1; mode=block', 'referrer-policy': 'origin-when-cross-origin, strict-origin-when-cross-origin', 'expect-ct': 'max-age=2592000, report-uri=""https://api.github.com/_private/browser/errors""', 'content-security-policy': ""default-src 'none'; base-uri 'self'; block-all-mixed-content; connect-src 'self' uploads.github.com www.githubstatus.com collector.githubapp.com api.github.com www.google-analytics.com github-cloud.s3.amazonaws.com github-production-repository-file-5c1aeb.s3.amazonaws.com github-production-upload-manifest-file-7fdce7.s3.amazonaws.com github-production-user-asset-6210df.s3.amazonaws.com cdn.optimizely.com logx.optimizely.com/v1/events wss://alive.github.com; font-src github.githubassets.com; form-action 'self' github.com gist.github.com; frame-ancestors 'none'; frame-src render.githubusercontent.com; img-src 'self' data: github.githubassets.com identicons.github.com collector.githubapp.com github-cloud.s3.amazonaws.com *.githubusercontent.com customer-stories-feed.github.com spotlights-feed.github.com; manifest-src 'self'; media-src 'none'; script-src github.githubassets.com; style-src 'unsafe-inline' github.githubassets.com; worker-src github.com/socket-worker.js gist.github.com/socket-worker.js"", 'Content-Encoding': 'gzip', 'Set-Cookie': '_gh_sess=tl2jSBKDThjqHCkzFGfW5R8rrcQ8DuEjZ8C9Ax8xADa22O2uOLjeHLKeAFSDSkb5yX47HH2Lar0xnBih4weqMNIAxRuwBDuGnquSB4U9t9ido9oNm2BiT%2FIDhQgX2HKdhAKAB%2Bc17IeYB5V%2BIzb6pok6rXzvhbS787ghVEufvueZuKSo6tlnk3R3D9i7tN3S7vWZ1mo%2BsFrcW8N2tk7t5p7n3337OJv0otwlZ0E5xKbB%2BWysH2C3phHOKN1cAHza6SIaRBx2iZ4uP1P0yGesJA%3D%3D--ItRGgXR8UBkDdL8T--0Bs8ghh6szNmu92Ssuq8Gg%3D%3D; Path=/; HttpOnly; Secure; SameSite=Lax, _octo=GH1.1.648577209.1599018816; Path=/; Domain=github.com; Expires=Thu, 02 Sep 2021 03:53:36 GMT; Secure; SameSite=Lax, logged_in=no; Path=/; Domain=github.com; Expires=Thu, 02 Sep 2021 03:53:36 GMT; HttpOnly; Secure; SameSite=Lax', 'Accept-Ranges': 'bytes', 'Transfer-Encoding': 'chunked', 'X-GitHub-Request-Id': '7EB7:4E04:353807:6558A8:5F4F173F'}","['https://github.githubassets.com/assets/environment-bootstrap-0b18da31.js', 'https://github.githubassets.com/assets/vendor-6694fbd6.js', 'https://github.githubassets.com/assets/frameworks-43f22513.js', 'https://github.githubassets.com/assets/behaviors-bootstrap-03341a27.js', 'https://github.githubassets.com/assets/unsupported-bootstrap-48e3c2b6.js', 'https://github.githubassets.com/assets/github-bootstrap-446b1fa3.js']",6
https://adp.com,"{'Content-Encoding': 'gzip', 'Access-Control-Allow-Methods': 'GET,POST', 'Access-Control-Allow-Origin': '*', 'Cache-Control': 'private', 'Content-Security-Policy': ""frame-ancestors 'self' https://adp.lookbookhq.com http://adp.lookbookhq.com https://discover.adp.com http://discover.adp.com https://*.adp.com http://*.adp.ca https://*.adp.ca;"", 'Content-Type': 'text/html; charset=utf-8', 'Date': 'Wed, 02 Sep 2020 03:54:26 GMT', 'Server': '', 'Set-Cookie': 'ASP.NET_SessionId=pphifxdqpkmdckzl1vukodpe; path=/; secure; HttpOnly; SameSite=Lax, ASP.NET_SessionId=pphifxdqpkmdckzl1vukodpe; path=/; secure; HttpOnly; SameSite=Lax, SC_ANALYTICS_GLOBAL_COOKIE=9839af7921934e469961f2672dce08b3|True; expires=Sat, 31-Aug-2030 03:54:26 GMT; path=/; secure; HttpOnly, __RequestVerificationToken=1E0xgCQh6gytJNumnDKSXITqtNKQA3y27nUPbY9pytir3FU1_VAtabaHnFhedDmp5UN36EfJsxzJV_Al2b20fTvrBDc1; path=/; secure; HttpOnly, BIGipServerp_aka5800-adp-prod=874201099.20480.0000; path=/, BIGipServerp_aka5800-adp-prod.adp.com=2516058123.32000.0000; path=/; Httponly; Secure', 'Vary': 'Accept-Encoding', 'X-Country-Code': 'PR', 'X-Frame-Options': 'SAMEORIGIN, SAMEORIGIN, SAMEORIGIN', 'X-UA-Compatible': 'IE=Edge', 'Transfer-Encoding': 'chunked'}","['https://cdn.krxd.net/userdata/get?pub=8fdad5d1-dc55-48f4-a0e4-76d40f6c6b0e&technographics=1&callback=Krux.ns.automaticdataprocessingllc.kxjsonp_userdata', 'https://beacon.krxd.net/optout_check?callback=Krux.ns.automaticdataprocessingllc.kxjsonp_optOutCheck', 'https://beacon.krxd.net/cookie2json?callback=Krux.ns.automaticdataprocessingllc.kxjsonp_3pevents', 'https://consumer.krxd.net/consent/get/8fdad5d1-dc55-48f4-a0e4-76d40f6c6b0e?idt=device&dt=kxcookie&callback=Krux.ns.automaticdataprocessingllc.kxjsonp_consent_get_0', 'https://cdn.justuno.com/mwgt_4.1.js?v=3.58', 'https://s.ytimg.com/yts/jsbin/www-widgetapi-vflIcJli4/www-widgetapi.js', '//s.idio.co/ip.js', '//s.idio.co/ia.js', '//cdn.krxd.net/ctjs/controltag.js.840d44399e357e7da3f94ce724fcd35c', 'https://ml314.com/tag.aspx?182020', '//www.youtube.com/iframe_api', '//j.6sc.co/6si.min.js', 'https://solutions.invocacdn.com/js/invoca-latest.min.js', 'https://cdn.krxd.net/controltag/tqqwpt0ce.js', '//js.idio.co/1694.js', '//cdn.justuno.com/vck.js', '//static.ads-twitter.com/uwt.js', 'https://snap.licdn.com/li.lms-analytics/insight.min.js', 'https://connect.facebook.net/signals/config/305594387498699?v=2.9.24&r=stable', 'https://connect.facebook.net/en_US/fbevents.js', 'https://tag.demandbase.com/CYQJ73kQ.min.js', '//bat.bing.com/bat.js', '//www.googleadservices.com/pagead/conversion_async.js', '//www.googleadservices.com/pagead/conversion_async.js', 'https://www.google-analytics.com/analytics.js', 'https://www.googletagmanager.com/gtag/js?id=G-Z7FCJ8MYEN&l=dataLayer&cx=c', '//img.en25.com/i/elqCfg.min.js', 'https://www.gstatic.com/recaptcha/releases/QVh-Tz10ahidjrORgXOS1oB0/recaptcha__en.js', 'https://js.driftt.com/include/1599018900000/u3ade2tpn6nh.js', '//www.googletagmanager.com/gtm.js?id=GTM-MMKNHG5', 'https://www.google-analytics.com/analytics.js', '/-/media/adp/redesign2018/js-sp02/vendor-052820.js', '/-/media/adp/redesign2018/js/main-062520.js', '/-/media/adp/redesign2018/js/elqCfg.js', '/-/media/adp/redesign2018/js/krux.js', '/static/project/adp/js/userprivacysettings.js', '//cdn.optimizely.com/js/198303326.js', 'https://www.google.com/recaptcha/api.js?render=6Lcc-XsUAAAAAN03pBlJwIdK6TRiYH8_fn-XsO60', '/-/media/adp/redesign2018/js/solution-wizard.js', '//cdn.mouseflow.com/projects/9b2c9ab0-477c-47e7-ad87-eb1593fdbc90.js', 'https://googleads.g.doubleclick.net/pagead/viewthroughconversion/1018590256/?random=1599018859798&cv=9&fst=1599018859798&num=1&guid=ON&resp=GooglemKTybQhCsO&u_h=900&u_w=1600&u_ah=860&u_aw=1600&u_cd=24&u_his=2&u_tz=-240&u_java=false&u_nplug=3&u_nmime=4&gtm=2wg8j2&sendb=1&ig=1&frm=0&url=https%3A%2F%2Fwww.adp.com%2F&tiba=Payroll%2C%20HR%20and%20Tax%20Services%20%7C%20ADP%20Official%20Site&hn=www.googleadservices.com&async=1&rfmt=3&fmt=4', 'https://googleads.g.doubleclick.net/pagead/viewthroughconversion/1062739562/?random=1599018859818&cv=9&fst=1599018859818&num=1&guid=ON&resp=GooglemKTybQhCsO&u_h=900&u_w=1600&u_ah=860&u_aw=1600&u_cd=24&u_his=2&u_tz=-240&u_java=false&u_nplug=3&u_nmime=4&gtm=2wg8j2&sendb=1&ig=1&frm=0&url=https%3A%2F%2Fwww.adp.com%2F&tiba=Payroll%2C%20HR%20and%20Tax%20Services%20%7C%20ADP%20Official%20Site&hn=www.googleadservices.com&async=1&rfmt=3&fmt=4', 'https://my.justuno.com/ajax/account_version_check.html?id=D8CCE9F6-A579-42D0-9AF4-78A50D3E968D', '//solutions.invocacdn.com/js/networks/1728/1564944298/tag-live.js', '/-/media/adp/redesign2018/js/jquery-3-3-1-min.js', 'https://www.adp.com/-/media/adp/Redesign2018/js-crypto/coremin.js', 'https://www.adp.com/-/media/adp/Redesign2018/js-crypto/sha256min.js', 'https://www.adp.com/-/media/adp/Redesign2018/js-crypto/cryptojsmin.js', 'https://analytics.twitter.com/i/adsct?type=javascript&version=1.1.0&p_id=Twitter&p_user_id=0&txn_id=nvzc9&events=%5B%5B%22pageview%22%2Cnull%5D%5D&tw_sale_amount=0&tw_order_quantity=0&tw_iframe_status=0&tpx_cb=twttr.conversion.loadPixels&tw_document_href=https%3A%2F%2Fwww.adp.com%2F', 'https://wsv3cdn.audioeye.com/scripts/loader.js?r=adp.com&d=www.adp.com&lang=en&cb=20200825&pscb=d07065ef20fde9854cfab8d9af1173d7']",50
https://citi.com,"{'Content-Type': 'text/html; charset=ISO-8859-1', 'X-Ion-Hop': 'Prod', 'Expires': '0', 'Cache-Control': 'no-cache, no-store, must-revalidate', 'P3P': 'policyref=""/w3c/p3p.xml"", CP=""CAO DSP CUR ADM DEV OUR NOR STP UNIo NAV STA PREi TAI""', 'Pragma': 'no-cache', 'X-Akamai-CITISITE': 'GTDC', 'Strict-Transport-Security': 'max-age=300', 'Content-Language': 'en-US', 'X-DEBUG-TIER2-PARENT': '5853a9c-172.232.3.23-1599018901-AUTH1-SHPIP23.223.150.69-TCIP24.50.226.220', 'jid': '200901235500638984073675, 200901235500638984073675', 'X-UA-Compatible': 'IE=edge, IE=edge', 'X-DEBUG-TIER2': '1709aca-23.223.150.69-1599018901-AUTH1-SHPIP4.79.61.107-TCIP24.50.226.220', 'Vary': 'Accept-Encoding', 'X-Akamai-Transformed': '9 - 0 pmb=mTOE,1', 'Content-Encoding': 'gzip', 'Date': 'Wed, 02 Sep 2020 03:55:01 GMT', 'Transfer-Encoding': 'chunked', 'Connection': 'keep-alive, Transfer-Encoding', 'Set-Cookie': 'JSESSIONID=00007K1YDKK6RFce0bUpyi7Imfz:gt07p-srv3; Path=/; Secure, CUUID=10763ba0-84ae-4623-9ed4-ed1db01c0fed; Expires=Thu, 02-Sep-21 03:55:00 GMT; Path=/; Domain=.citi.com; Secure, AKMTLTSID=B75A6F0FDB25D92E107D093D60BB9D6D; path=/; domain=citi.com; secure, CITI_SITE=gtdc; path=/; domain=.citi.com; secure; HttpOnly, AKMTLTSID=C0BAC08BB9F5EFA29A3E5D015A81E885; path=/; domain=citi.com; secure, CITI_SITE=gtdc; path=/; domain=.citi.com; secure; HttpOnly', 'X-WebKit-CSP': 'frame-ancestors https://*.citi.com https://*.citigroup.net https://*.nsroot.net', 'X-Content-Security-Policy': 'frame-ancestors https://*.citi.com https://*.citigroup.net https://*.nsroot.net', 'Content-Security-Policy': 'frame-ancestors https://*.citi.com https://*.citigroup.net https://*.nsroot.net'}","['https://cyseal.cyveillance.com/SiteSeal/cyss.js?ref=online.citi.com', '//c1.rfihub.net/js/tc.min.js', 'https://www.googletagmanager.com/gtag/js?id=DC-6256710&l=dataLayer&cx=c', 'https://www.googletagmanager.com/gtag/js?id=DC-6269322&l=dataLayer&cx=c', 'https://www.youtube.com/iframe_api', 'https://mpsnare.iesnare.com/snare.js?_=1599018894078', 'https://cse.google.com/cse/cse.js?cx=009695499870347544712:e3dyicpbrwu', 'https://tags.bkrtx.com/js/bk-coretag.js', '//www.googletagmanager.com/gtag/js?id=DC-6260004', 'https://nexus.ensighten.com/citi/na_prod/code/8e513f40a6a94c1b8d2b96c1462699cd.js?conditionId0=486757', 'https://nexus.ensighten.com/citi/na_prod/code/46037f47403d70ccbc6ad7875b013f35.js?conditionId0=3013337', 'https://nexus.ensighten.com/citi/na_prod/code/17413f61d740be643ac43580ea8f65b4.js?conditionId0=421908', 'https://nexus.ensighten.com/citi/na_prod/code/1fbe3ced5383ed540aae36196d27200f.js?conditionId0=462132', 'https://nexus.ensighten.com/citi/na_prod/code/c1a82ac98e4d4e503dc1bf30d0ee425e.js?conditionId0=480881', 'https://nexus.ensighten.com/citi/na_prod/code/557566dc60916e3de69e006bef252459.js?conditionId0=4837456', 'https://nexus.ensighten.com/citi/na_prod/code/c8c8f2415855cbadb1ffce689657311b.js?conditionId0=405518', 'https://nexus.ensighten.com/citi/na_prod/code/2906f06ed928da15ec22eab16f8f3588.js?conditionId0=454466', 'https://nexus.ensighten.com/citi/na_prod/code/8637af7c210f4e79436bc39f71b49bfa.js?conditionId0=4827153', 'https://nexus.ensighten.com/citi/na_prod/code/d68fd72b57e591b277084f8622774245.js?conditionId0=467299', 'https://nexus.ensighten.com/citi/na_prod/code/e6abf13671cf36a6659fa0107408b1a1.js?conditionId0=4880418', 'https://nexus.ensighten.com/citi/na_prod/code/40ed1891d8840252f082f30ead44ade5.js?conditionId0=4887947', 'https://nexus.ensighten.com/citi/na_prod/code/f24a80687f55a3e66de676ec33c36c5e.js?conditionId0=4860234', 'https://nexus.ensighten.com/citi/na_prod/code/fdf45a7c15c1cee06bb71e10dac4e26e.js?conditionId0=4849963', 'https://nexus.ensighten.com/citi/na_prod/serverComponent.php?r=716941263.5109819&namespace=Bootstrapper&staticJsPath=nexus.ensighten.com/citi/na_prod/code/&publishedOn=Tue Sep 01 19:07:50 GMT 2020&ClientID=1129&PageID=https%3A%2F%2Fonline.citi.com%2FUS%2Flogin.do', '/CBOL/taggingTransformation/tagging.js', '/JFP/js/modules/jfpm.autocomplete.off.js', '/CBOL/common/ui/ddl/theme/latest/scripts/vendor.js', '//nexus.ensighten.com/citi/na_prod/Bootstrap.js', '/JFP/js/jquery/plugins/jquery.tmpl.js', '/JSO/js/fp.min.js', 'https://content22.online.citi.com/fp/tags.js?org_id=89oebq5k&session_id=bad4c9ae4a400a3ab5734f364070db5dadc73d6009123ed81b1b66b165fd7500&allow_reprofile=1', 'https://www.google.com/cse/static/element/26b8d00a7c7a0812/cse_element__es.js?usqp=CAI%3D', '/passivebio/bcsid.js', '/passivebio/BiocatchATO.js', '/loginpage/scripts/citiHomePage.min.js', '/CBOL/sec/debcaract/js/rsa.js', '/TMX/TMXProfiling.js', '/personalization/peworkflow.min.js', 'https://resources.digital-cloud-citi.medallia.com/wdcusciti/50/onsite/embed.js', '/GFC/branding/olab/js/oo_engine.min.js', '/CBOL/common/ui/ddl/theme/latest/scripts/ddl.min.js', '/GFC/branding/responsivebranding/js/main.js', '/JEA/CitiSearch/nexus-platform/js/citilive-search.js', '/NCCS/smartSearch/js/cbol-smartSearch-inject.js', '/TMX/TMXProfiling.js', 'https://cyseal.cyveillance.com/SiteSeal/siteseal2p.async.js', 'https://online.citi.com/JEA/CitiSearch/nexus-platform/js/citilive-search-library.js', 'https://online.citi.com/JEA/CitiSearch/nexus-platform/js/citilive-search-service.js', 'https://online.citi.com/JEA/CitiSearch/nexus-platform/js/citi-search-tmpl.js', 'https://online.citi.com/JEA/CitiSearch/nexus-platform/js/citilive-search-controller.js']",50
https://healthline.com,"{'Content-Type': 'text/html; charset=utf-8', 'Transfer-Encoding': 'chunked', 'Connection': 'keep-alive', 'Date': 'Wed, 02 Sep 2020 03:55:42 GMT', 'strict-transport-security': 'max-age=31536000; includeSubDomains', 'content-security-policy-report-only': ""frame-ancestors 'self'; object-src 'none'; report-uri /api/csp-reporting"", 'x-hl-ver': '71202', 'host': 'www.healthline.com', 'cache-control': 'max-age=300, must-revalidate, private', 'set-cookie': 'blab=562d3bb2-1505-4036-80b9-33ac078186a6; Max-Age=315360000; Expires=Sat, 31 Aug 2030 03:55:42 GMT; Secure; SameSite=Strict; Domain=healthline.com; Path=/', 'vary': 'accept-encoding', 'content-encoding': 'gzip', 'X-Cache': 'Miss from cloudfront', 'Via': '1.1 bc5ca942c588917a31bb32f85c8bfee5.cloudfront.net (CloudFront)', 'X-Amz-Cf-Pop': 'MIA3-C1', 'X-Amz-Cf-Id': 'lWNoTXVdaNvbb-FIDcXwv1D2cCK-cnKfrkhQdtqU9sx4dzU7k8yleQ=='}","['https://js-sec.indexww.com/ht/p/180447-192872210293780.js', 'https://assets.medicalnewstoday.com/_next/vendors~chunks/deferred-global~chunks/widget-charts-90baa.js', 'https://assets.medicalnewstoday.com/_next/chunks/deferred-global-1491f.js', 'https://assets.medicalnewstoday.com/_next/chunks/el-59bde.js', '//assets.medicalnewstoday.com/content/advertising.js', 'https://securepubads.g.doubleclick.net/gpt/pubads_impl_2020082701.js', 'https://cdn.ravenjs.com/3.23.3/raven.min.js', '//prod.adspsp.com/adb.2418030.min.js', 'https://securepubads.g.doubleclick.net/tag/js/gpt.js', 'https://www.google-analytics.com/analytics.js', '//c.amazon-adsystem.com/aax2/apstag.js', 'https://assets.medicalnewstoday.com/_next/vendor-2c108.js', 'https://assets.medicalnewstoday.com/_next/lib-dd6fa.js', 'https://assets.medicalnewstoday.com/_next/a88c235c-4536-4347-a682-c7a311af24a0/hl/pages/home-page.js', 'https://tags.bkrtx.com/js/bk-coretag.js']",15

